name,team,position,owner,age,careerGames,seasons,adp,ownedPct,projAvg,avgPts,totalPts,L5,L3,L1,games,TOG%,kicks,handballs,marks,hitouts,tackles,freesFor,freesAgainst,goals,behinds
"Bailey Smith",GEE,MID,"Baz’s 8-balls",25,136,8,7.4,99.18,113.9,122.8,1228,121.4,118.3,157,10,83.2,20.6,11.8,4.5,0,5,2.1,0.5,0.5,0.3
"Nick Daicos",COL,MID,"Lachie’s Flesh Clarrynet",23,104,5,2.5,99.18,111.3,120.3,1083,116.8,107,102,9,87,19,15.8,5,0,2.4,1.2,0.3,0.9,1.4
"Errol Gulden",SYD,MID,GuldenEye,23,105,6,9.5,98.36,108.8,113.5,227,113.5,113.5,101,2,73.5,13.5,10,4.5,0,9.5,0.5,1,0.5,1
"Archie Roberts",ESS,DEF/MID,"The Forrie Crystals",20,37,3,45.0,98.22,91.6,112.1,1121,118.8,114.3,101,10,83.5,23,9.4,7.2,0,1,0.8,0.9,0.1,0
"Harry Sheezel",NTH,MID/FWD,GuldenEye,21,77,4,2.5,98.91,111.8,111.7,1117,109.8,100,93,10,79,15.9,14.5,6.1,0,4.1,1,1.4,0.5,0.5
"Brodie Grundy",SYD,RUC,"Heartbreak Jake & da Subs",32,252,14,32.4,98.77,103.9,110.1,1101,117.8,114.3,161,10,81.1,7.8,13.3,2.8,36.3,4.4,1.8,3.1,0.8,0.5
"Max Gawn",MEL,RUC,"Houston we have a problem",34,257,17,30.4,99.04,109.1,108.2,1082,95.2,97,84,10,82.6,10.7,10.3,4.2,29.9,2,2.9,0.9,0.7,0.6
"Zak Butters",PTA,MID,"Houston we have a problem",25,149,8,11.7,99.04,103.3,108,1080,111.2,114.3,122,10,84.1,17.1,13.9,3.4,0,4.5,2.2,1.3,0.3,0.6
"Lachie Ash",GWS,DEF,"Baz’s 8-balls",24,135,7,23.3,99.18,101.2,107.8,1078,102.4,97.3,100,10,80.9,19,10.8,8.2,0,1.5,0.8,0.8,0,0.2
"Jordan Dawson",ADE,MID,"Kids can call you Bont-ju",29,163,11,13.5,99.32,110.2,107.7,754,108,118.3,106,7,82.1,17,8.1,5.6,0,4.6,1.6,1,1.1,0
"Jack Sinclair",STK,DEF,"The Forrie Crystals",31,220,12,34.8,99.04,100,107.6,1076,105.2,104.7,115,10,84.6,20.6,8.8,7.1,0,1.7,0.4,0.3,0.1,0
"Luke Jackson",FRE,RUC/FWD,"Lachie’s Flesh Clarrynet",24,129,7,16.5,98.91,95,107.1,1071,113,109,70,10,78.1,7.6,11.5,2.6,26.4,6,2,1.6,0.8,1.1
"Lachie Neale",BRL,MID,"Lachie’s Flesh Clarrynet",32,304,15,80.6,98.50,93,105.3,1053,114.8,106,85,10,84,15.4,15.2,6.3,0,2.1,0.7,0.3,0.2,0.4
"Marcus Bontempelli",WBD,MID,"Kids can call you Bont-ju",30,268,13,8.9,99.32,112.5,105,1050,96.6,113.7,92,10,84.9,13.6,13.7,4.2,0.1,4.3,0.9,0.9,1.4,0.3
"Isaac Heeney",SYD,MID/FWD,"The Forrie Crystals",30,232,12,29.3,99.18,98.1,104.8,838,109.8,100,98,8,76.4,13,13.5,3.1,0,4.9,2.3,1.1,1.8,0.5
"Tristan Xerri",NTH,RUC,"Jags to riches",27,83,9,13.4,99.04,107.3,104.6,732,96.8,94.7,69,7,77.4,8.4,12.7,2.4,22,6.1,4.6,2.1,0.3,0.1
"Zach Merrett",ESS,MID,"The Forrie Crystals",30,261,13,37.8,99.04,101,104.5,1045,106.2,106,96,10,82,14.8,12.1,4.4,0,5,1.6,0.8,0.5,0.5
"Max Holmes",GEE,MID,"Kids can call you Bont-ju",23,112,6,17.9,98.91,103.4,103.8,1038,94.4,99,91,10,79.9,17.1,11.9,5.6,0,3.2,0.7,1.2,0.3,0.2
"Callum Wilkie",STK,DEF,"Heartbreak Jake & da Subs",30,165,8,126.1,96.99,82,103,1030,95.4,74.7,108,10,92.9,17.1,6.5,11.1,0,1.6,0.5,0.5,0,0
"Lachie Whitfield",GWS,DEF,"Naughty Dog Entertainment",31,267,14,28.7,99.04,104.2,101.3,1013,100.8,99,59,10,80.8,17.8,11.9,5.9,0,2.4,0.4,1.2,0,0
"Dayne Zorko",BRL,DEF,GuldenEye,37,311,15,85.5,98.36,93.9,100.3,702,87.8,76,76,7,74.3,19.4,5,7.3,0,1.9,1,0,0.3,0
"John Noble",GCS,DEF,"Kids can call you Bont-ju",29,147,8,86.7,97.13,86,100,1000,112.6,135,126,10,82.6,17.4,9.4,6.5,0,1.6,0.8,0.5,0.6,0.2
"Will Ashcroft",BRL,MID,"Scissorlift Victims Unit",22,68,4,17.4,98.63,101.9,99.6,996,101,91.3,74,10,83.6,15.9,11.5,4.8,0,3.5,0.9,0.8,0.3,0.2
"Josh Daicos",COL,DEF,iWalshMyslfwthATonInMyMid,27,161,10,35.3,99.18,96.5,99.4,994,95.4,86.3,80,10,82.3,16.9,10.6,6.2,0,2.4,0.7,0.7,0.1,0.1
"Nasiah Wanganeen-Milera",STK,D/M,GuldenEye,23,94,5,3.6,99.18,110.6,99.3,794,110.8,105.3,104,8,83.6,19.5,7.3,3,0,3,2.3,1,0.9,0.8
"Jack Steele",MEL,MID,"Banks' Palm Cards",30,212,12,62.3,98.91,96.7,98.9,989,83.4,78.7,87,10,74.6,11.4,13.1,3.9,0,6.4,1.3,0.5,0.2,0.2
"Christian Petracca",GCS,MID/FWD,iWalshMyslfwthATonInMyMid,30,220,12,40.6,98.91,90.4,98.8,790,98.4,96.3,89,8,79.5,13.1,13,3.5,0,3.4,0.8,0.9,1.8,0.8
"Ed Richards",WBD,MID,"Naughty Dog Entertainment",26,157,9,36.6,99.04,97.5,98.2,884,96.6,92,68,9,79.2,15.6,8.8,4.1,0,5.4,0.9,1.4,0.6,0
"Sam Walsh",CAR,MID,iWalshMyslfwthATonInMyMid,25,143,8,32.8,99.04,96.7,97.9,979,99.6,85.3,76,10,79.6,12.4,15.5,3.7,0,5,0.9,1.3,0.2,0.4
"Jayden Short",RIC,DEF,iWalshMyslfwthATonInMyMid,30,199,12,124.1,97.13,86.1,97.7,879,88.4,88,88,9,82.9,18.9,6.3,8.2,0,1,1,0.8,0.1,0.3
"Clayton Oliver",GWS,MID,"Lachie’s Flesh Clarrynet",28,215,11,69.4,98.22,91.5,97.1,971,102.8,101,116,10,81.1,10,21.2,2.8,0,4.7,1.2,1.8,0.2,0.5
"Dan Houston",COL,DEF/MID,"Houston we have a problem",29,199,11,125.5,96.45,74.1,97.1,971,97.8,92,69,10,80.8,16.1,8.9,7.6,0,2.2,0.3,0.7,0.1,0.6
"Kysaiah Pickett",MEL,MID/FWD,"Banks' Palm Cards",24,136,7,37.2,98.91,90.8,96.3,963,87.6,75.7,73,10,84.1,16.2,5.9,3,0,4.9,1.3,1.2,1.5,0.6
"Jack Crisp",COL,MID,"Banks' Palm Cards",32,284,15,170.5,94.67,84.1,95.6,956,96.8,89.3,78,10,79.9,12.1,11.2,6.6,0,3.8,0.7,0.3,0.3,0.3
"Bodhi Uwland",GCS,DEF,"Naughty Dog Entertainment",22,59,5,240.3,90.30,65.9,95.3,953,99.8,111,115,10,87.5,16.5,8.8,6.8,0,1.8,1.1,0.4,0.1,0.1
"Noah Anderson",GCS,MID,"Houston we have a problem",25,138,7,16.9,99.04,102.5,95.2,857,96,108.3,118,9,84.2,16.8,10.2,5,0,2.6,0.7,1.4,0.3,0.9
"Jake Bowey",MEL,DEF,"Prince McAndrew",23,86,6,156.4,92.76,75.5,95,190,95,95,92,2,82,19,6,4.5,0,3,0.5,0,0,0
"Sam Flanders",STK,MID/FWD,"Kids can call you Bont-ju",24,99,7,26.9,98.63,96.9,95,950,97,100.3,109,10,78.8,13.2,11.2,5.7,0,3.7,1.4,0.4,0.1,0.3
"Tom Liberatore",WBD,MID,"Naughty Dog Entertainment",34,261,16,91.8,96.99,95,94.3,377,94.3,96.3,59,4,68,13,11.5,3.5,0,5.5,0.5,0.8,0.3,0
"Justin McInerney",SYD,MID/FWD,"Heartbreak Jake & da Subs",25,119,8,103.3,96.99,79.6,93.9,939,91.6,95.7,110,10,83.6,11,15.1,4.5,0,2.8,1.4,1.2,1.2,1
"Luke Parker",NTH,DEF/MID,"Heartbreak Jake & da Subs",33,325,16,218.3,94.81,78.1,93.8,938,93.8,93.3,95,10,87.1,15.6,9.9,6.5,0,1.9,1,0.7,0.2,0
"Jarman Impey",HAW,DEF,"Baz’s 8-balls",30,231,13,195.4,94.13,79.6,93.5,935,102,96.7,97,10,81.2,15.8,7.7,8,0,2,0.2,0.7,0.1,0
"Finn Callaghan",GWS,MID,"JD Vyvance",23,81,5,21.4,98.91,102.2,93,930,82,90,75,10,80.3,12.7,15.4,2.7,0,4.2,0.8,1.2,0.3,0.2
"Luke Davies-Uniacke",NTH,MID,"Prince McAndrew",26,140,9,58.7,97.95,91.2,93,930,84.6,87.7,68,10,81.3,11.8,14.4,4.1,0,4.7,1.6,1.8,0.2,0.3
"Wayne Milera",ADE,DEF,"Jags to riches",28,133,11,239.6,92.76,72,92.8,928,98.4,102,83,10,80.7,15.6,10.1,5.7,0,2.5,0.5,0.6,0,0
"Caleb Serong",FRE,MID,"Prince McAndrew",25,137,7,26.6,99.04,99,92.6,926,84.2,89,88,10,79.4,14.5,10.4,2.6,0,4.5,1,0.6,0.5,0.3
"Andrew Brayshaw",FRE,MID,"The Forrie Crystals",26,180,9,20.1,98.91,103.6,91.4,914,89.4,92,90,10,77.8,11.6,11.5,2.7,0,6.6,1.2,1.6,0.4,0.3
"Jeremy Cameron",GEE,FWD,GuldenEye,33,289,15,111.5,97.68,83,91.2,821,93,88,86,9,90,12.7,3.3,7.3,0.1,1.6,0.7,0.9,3,2.2
"Matthew Kennedy",WBD,MID,"Prince McAndrew",29,151,11,82.1,98.09,91.7,91,910,77.6,78.3,53,10,76.1,12.8,12.2,3.9,0,5,0.9,2,0.2,0.4
"Sam Berry",ADE,MID,"Kids can call you Bont-ju",24,86,6,279.2,87.70,62.4,90.9,909,91.8,104,87,10,72.9,11.2,10.9,2.3,0.1,7.5,1,1.2,0.1,0.5
"Karl Amon",HAW,DEF,"Heartbreak Jake & da Subs",30,204,13,104.5,96.86,87,90.1,811,102.6,110.7,105,9,81.9,16.8,7.1,5.9,0,2,0.2,0.2,0,0.3
"Tim English",WBD,RUC,"Scissorlift Victims Unit",28,160,10,10.8,99.04,110.5,89.8,539,86.2,75.3,97,6,73,8.8,7,4.3,24.8,2.5,2.3,1,0.3,0.2
"Nic Newman",CAR,DEF,iWalshMyslfwthATonInMyMid,33,141,12,151.8,95.63,84.2,89.7,628,93.2,92.3,77,7,82.9,17.3,4.9,6.9,0,2,0.9,0.7,0.1,0
"Caleb Daniel",NTH,DEF,iWalshMyslfwthATonInMyMid,29,225,12,148.9,95.63,84.2,89.6,896,87.6,82.3,72,10,85.9,14.9,9.3,5.3,0,3,0.5,0.7,0,0
"Jack Ross",RIC,MID/FWD,"Naughty Dog Entertainment",25,103,8,159.8,94.67,72.5,89.4,894,97.6,98.7,101,10,81.7,8.1,15.4,4.2,0,5.1,1.5,0.8,0.3,0.4
"James Sicily",HAW,DEF,"Lachie’s Flesh Clarrynet",31,188,13,151.2,95.63,79.1,89.3,804,88,86,87,9,90.7,14.3,7.9,8.1,0,1.8,1.4,0.8,0,0
"Tanner Bruhn",GEE,DEF/MID,"Lachie’s Flesh Clarrynet",23,76,6,154.0,95.08,68.1,89.2,892,87.6,85,91,10,71.5,13.1,9.9,5.2,0,3.6,1,0.5,0,0.6
"Touk Miller",GCS,MID,"JD Vyvance",30,224,12,92.7,97.40,88.7,89.1,891,87.2,84.7,76,10,80.8,11.2,14.2,3.5,0,3.7,0.4,0.6,0.5,0.2
"Jai Newcombe",HAW,MID,"Banks' Palm Cards",24,112,6,59.3,97.95,89.1,88.9,889,88.2,79.7,59,10,79.5,12.4,13.8,2.9,0,3.9,2.4,1.8,0.4,0.4
"Scott Pendlebury",COL,MID,"Lachie’s Flesh Clarrynet",38,432,21,223.6,88.80,77.2,88.9,622,91.6,113.7,100,7,69.3,10.3,13.7,5.6,0,2.7,0.9,0.1,0.4,0
"Gryan Miers",GEE,MID/FWD,"Baz’s 8-balls",27,161,9,45.0,98.77,93.2,88.8,533,82.4,66.3,54,6,78.8,13.5,9,5.7,0,3,1.3,0.2,0,0.5
"Jason Horne-Francis",PTA,MID/FWD,"Banks' Palm Cards",22,90,5,39.2,98.63,89.4,88.6,886,88.6,65.7,66,10,79.3,14.1,7.6,4.6,0,3.5,1.5,1.9,1.1,0.9
"Brad Hill",STK,D/M/F,"Banks' Palm Cards",32,287,15,226.7,93.31,72,88.1,881,84.6,76.7,44,10,84.2,15.1,7.2,6.8,0,1.7,0.4,0.6,0.4,0.2
"Tom Sparrow",MEL,MID/FWD,"Prince McAndrew",25,127,8,278.2,89.75,63.6,88.1,881,96,99.3,103,10,72.6,11.3,9,2.4,0,6.4,1.1,0.5,0.5,0.8
"Bailey Dale",WBD,DEF,"Naughty Dog Entertainment",29,188,12,56.6,97.81,92.2,87.6,876,104.4,103.3,95,10,83,18.8,6.4,4,0,1.8,0.5,0.5,0,0.2
"Rory Laird",ADE,DEF,"Heartbreak Jake & da Subs",32,277,15,91.4,97.54,91.1,87.4,699,89.8,85.7,94,8,79.5,13.5,10.3,6.9,0,1.6,0.4,0.4,0,0
"Zac Bailey",BRL,MID/FWD,"Naughty Dog Entertainment",26,175,9,63.1,97.54,81.2,87.2,785,84.2,85,77,9,85.4,12.7,7,5.4,0,2.8,0.8,1.3,1.7,1
"Kane Farrell",PTA,DEF,"The Forrie Crystals",27,124,9,152.1,93.58,79.4,87,870,85,88,83,10,80.3,16.8,3.5,7,0,2.3,0.6,0.9,0.2,0.3
"Josh Worrell",ADE,DEF,"Prince McAndrew",25,65,7,133.9,94.95,76.1,86.8,868,86.4,85.3,86,10,87.4,15.2,8.6,6.3,0,1.7,0.7,0.8,0,0
"Patrick Cripps",CAR,MID,"Scissorlift Victims Unit",31,240,13,88.3,97.27,90.1,86.7,867,88.2,86.3,111,10,80.8,9.5,15.8,2.3,0.1,5.1,2.1,2.4,0.6,0.7
"Josh Dunkley",BRL,MID,GuldenEye,29,204,11,24.3,98.63,106.4,86.4,864,90.8,89.3,77,10,79.2,9.3,11,4.5,0,6.2,0.6,0.9,0,0.3
"Josh Battle",HAW,DEF,"The Forrie Crystals",27,159,10,209.1,91.53,71.8,86.3,863,91.6,93,87,10,94.9,14.7,6.9,8.1,0,1.2,0.9,0.6,0,0.2
"Darcy Wilmot",BRL,DEF,"Kids can call you Bont-ju",22,93,5,78.5,96.04,82.4,86.1,861,94.8,100.3,110,10,85.2,16.4,5.6,6.5,0,1.6,0.6,0.5,0.1,0.1
"Izak Rankine",ADE,MID/FWD,"Jags to riches",26,114,8,42.2,98.22,87.5,86.1,775,102.8,118.3,102,9,80.8,13.1,7.1,3.6,0,4.1,1.2,1.2,1.1,1.2
"Connor Macdonald",HAW,FWD,"Lachie’s Flesh Clarrynet",23,100,5,94.7,95.90,73.5,86,860,81.2,76.7,69,10,78.5,13.3,7.8,4.4,0,3.2,0.5,0.5,0.8,0.7
"Will Setterfield",ESS,MID,"Prince McAndrew",28,85,10,234.9,68.17,70.1,86,86,86,86,86,1,77,13,3,3,0,6,1,0,1,1
"Marcus Windhager",STK,DEF/MID,"Heartbreak Jake & da Subs",23,85,5,89.1,96.31,84.3,85.9,859,83.6,71,84,10,82.6,14.6,8.5,4.8,0,2.5,1.3,0.6,0.2,0
"Shai Bolton",FRE,MID/FWD,"Banks' Palm Cards",27,168,10,117.7,96.86,73.5,85.8,858,88.8,81.7,93,10,81.4,12.3,12.1,2.3,0,3.3,0.4,1.2,1.2,0.6
"Callum Mills",SYD,DEF,"Naughty Dog Entertainment",29,184,11,82.5,96.58,82,85.7,857,88,94.7,82,10,76.6,11.9,11.3,5.9,0,2.5,0.7,0.4,0,0.2
"Brayden Maynard",COL,DEF,"Scissorlift Victims Unit",29,239,12,280.4,85.38,67,85.6,856,83.4,89,86,10,83.5,14.9,5.4,6.2,0,3.4,0.8,1.2,0.1,0.1
"Jack Ginnivan",HAW,FWD,"Naughty Dog Entertainment",23,100,6,127.3,96.31,75.8,85.6,856,80,74,73,10,81.8,13.3,6.5,6.5,0,1.9,0.7,0.4,0.9,0.7
"Hugo Garcia",STK,MID,"Heartbreak Jake & da Subs",20,35,3,195.6,91.26,73.6,85.4,854,92,85,112,10,73.7,10.3,11.6,2.4,0,5.3,1.2,0.5,0.5,0.2
"Nick Blakey",SYD,DEF,"Scissorlift Victims Unit",26,161,8,58.7,96.99,87.4,85.4,854,97.6,100.7,146,10,83.4,16.2,10.1,3.5,0,1.7,1.4,1.6,0.4,0.3
"James Peatling",ADE,MID,"Lachie’s Flesh Clarrynet",25,78,6,166.7,91.12,77.2,85.2,852,98.2,96,107,10,72.2,12.6,8,3.1,0,5,1.7,0.8,0.4,0.4
"Ryley Sanders",WBD,MID/FWD,"The Forrie Crystals",21,44,3,99.7,95.63,72.4,84.8,763,89,89.7,102,9,81.6,8.3,17.7,2.8,0,4.1,1.3,1,0.2,0
"Oliver Florent",CAR,DEF/MID,"Banks' Palm Cards",27,194,10,215.9,89.21,71,84,840,85.6,91,127,10,84.8,14.9,7.6,5.6,0,2,0.5,0.6,0.1,0
"Bailey Williams",WBD,DEF/MID,"Naughty Dog Entertainment",28,184,11,183.7,94.40,76.4,83.7,837,73.6,52.3,29,10,81.2,11.9,8,6.5,0,2.3,1,0.5,0.5,0.8
"Jordan Clark",FRE,DEF,"JD Vyvance",25,136,8,38.5,98.50,93.4,83.5,835,83.4,71.7,76,10,83,15.7,7.4,5,0,1.8,0.6,0.6,0.1,0
"Josh Rachele",ADE,MID/FWD,"Jags to riches",23,80,5,102.2,96.58,68.2,83.4,834,68,73,82,10,81.2,13,6.8,3.8,0,2.9,0.9,1.3,1.7,0.6
"Luke Ryan",FRE,DEF,GuldenEye,30,188,10,116.8,95.63,84.4,83.3,750,85.6,82.3,75,9,86.3,16.9,3.1,7.2,0,2,0.7,1.3,0,0.1
"Bailey J. Williams",WCE,RUC/FWD,"Kids can call you Bont-ju",26,94,8,,75.68,56.8,83.2,499,76.8,93,141,6,75.2,7.3,6.2,2.2,26.7,3.3,1.8,1.3,0.7,0.5
"Lachlan McAndrew",ADE,RUC,"Prince McAndrew",25,12,6,184.7,91.12,75.6,83.2,832,77.6,79.7,72,10,71.1,5.9,5.1,2,31.5,4.8,1.8,1.7,0.3,0.1
"Tom McCarthy",WCE,DEF,"Houston we have a problem",25,20,2,62.0,96.72,85.9,83.2,832,86.2,85,59,10,79.8,16.3,4.9,5.6,0,2.1,0.4,0.4,0,0.1
"Darcy Parish",ESS,MID,iWalshMyslfwthATonInMyMid,28,174,11,106.4,94.26,76.7,83.1,748,95.2,87,99,9,74.1,11.9,12.3,3.8,0,2.8,0.9,0.7,0.2,0.1
"Toby Nankervis",RIC,RUC,iWalshMyslfwthATonInMyMid,31,181,13,117.1,92.21,89.1,82.5,165,82.5,82.5,86,2,63.5,9,8,2,20,4,2,1.5,0,0
"Matt Rowell",GCS,MID,"Lachie’s Flesh Clarrynet",24,115,7,35.0,98.50,100.2,82.4,412,82.4,88.3,82,5,82.6,11.4,12.8,1.4,0,6,2,2.6,0,0.2
"Murphy Reid",FRE,FWD,"Kids can call you Bont-ju",19,34,2,107.0,96.31,66.2,82.2,822,85.6,82,99,10,82.1,12,11.5,3.5,0,2.3,0.6,0.6,0.6,1.1
"Levi Ashcroft",BRL,MID,"Scissorlift Victims Unit",19,37,2,68.6,96.31,80,82.1,821,86,87.7,104,10,78.2,12.7,8.4,5.8,0,1.6,0.9,0.2,0.4,0.7
"Toby Greene",GWS,MID/FWD,"Prince McAndrew",32,271,15,122.4,96.99,82.6,81.5,815,80,72.3,42,10,81.1,13.7,8,3.2,0,3.1,1.1,1.8,0.9,1.3
"Elliot Yeo",WCE,MID,GuldenEye,32,220,15,195.9,91.12,78.6,81.4,651,91,93.3,83,8,65.8,10.8,6.8,2.6,0,5.9,1.3,1.1,1,0.4
"Lawson Humphries",GEE,DEF,"Kids can call you Bont-ju",23,46,3,115.9,94.40,74,81.3,813,86.2,82.3,75,10,82,13.6,5.5,6,0,2.5,0.8,0.2,0.2,0.1
"Tom Stewart",GEE,DEF,"Scissorlift Victims Unit",33,201,10,144.3,95.90,80.3,81.2,812,76.4,75,95,10,82.3,16.5,5.1,5.4,0,1.5,1,0.8,0.1,0.1
"Jase Burgoyne",PTA,DEF/MID,"Houston we have a problem",22,66,5,120.5,94.81,78.5,81.1,811,83.4,76.3,81,10,83,11.9,8.5,4.9,0,3,1.1,0.5,0.3,0.3
"Willem Drew",PTA,MID,"The Forrie Crystals",27,140,10,185.2,87.57,78.3,81.1,811,83.2,83,98,10,78.4,10,9.1,3.1,0,6,1.6,1.1,0.2,0.1
"Connor Budarick",WBD,DEF/FWD,"Kids can call you Bont-ju",25,62,7,203.2,90.85,54.1,81,567,77.2,78.3,57,7,78.9,14.1,6.7,5.4,0,2,1.1,0.4,0.1,0.1
"Tim Taranto",RIC,MID,iWalshMyslfwthATonInMyMid,28,181,10,65.7,97.81,94.3,81,648,67.8,60.3,64,8,77.4,8.5,13.5,2.3,0,4.8,1,0.6,0.5,0.6
"Chad Warner",SYD,MID/FWD,"Banks' Palm Cards",24,118,7,49.7,98.63,92.5,80.9,809,87.2,75.3,80,10,78.5,13.5,8.1,2.5,0,2.8,1.2,1.4,1.2,1.3
"Tim Kelly",WCE,MID/FWD,"Heartbreak Jake & da Subs",31,173,9,202.9,91.26,72.9,80.8,727,82.4,93.3,101,9,74.8,11,12.4,3.3,0,3.3,0.9,0.8,0.1,0.3
"Darcy Cameron",COL,RUC,"Prince McAndrew",30,129,10,46.3,98.50,99.8,80.7,726,83.6,67.3,78,9,76,9.1,6.4,3.6,18.2,2.8,2.9,1.1,0.1,0.2
"Connor Rozee",PTA,DEF/MID,"Lachie’s Flesh Clarrynet",26,152,8,13.9,98.50,102.7,80.5,161,80.5,80.5,72,2,67.5,12.5,10,4.5,0,3,0.5,1,0,0
"Wil Powell",GCS,DEF/MID,"Jags to riches",26,140,9,212.8,91.26,66.9,80.5,805,78.2,76,58,10,81.3,10.5,6.7,5.1,0,4.9,0.5,0.7,0.3,0.5
"Nick Madden",GWS,RUC,"The Forrie Crystals",22,6,4,232.3,69.26,67,80.3,241,80.3,80.3,63,3,66.7,3.3,9.3,2,28.7,4.3,2,1,0,0.7
"Adam Treloar",WBD,MID/FWD,iWalshMyslfwthATonInMyMid,33,259,15,111.7,94.26,84.9,80,80,80,80,80,1,61,9,16,4,0,2,1,0,0,0
"Milan Murdock",WCE,MID/FWD,"Baz’s 8-balls",25,7,1,,78.28,67.8,80,560,75.4,72,63,7,74.1,9.6,9,3,0,4.9,1.3,0.7,0.9,0.6
"Rhys Stanley",GEE,RUC,iWalshMyslfwthATonInMyMid,35,230,18,,24.45,62.7,80,80,80,80,80,1,66,8,9,3,17,3,0,0,0,0
"Hayden Young",FRE,MID,iWalshMyslfwthATonInMyMid,25,94,7,62.2,96.58,86.5,79.8,399,79.8,79.7,76,5,73.8,10,9,3.6,0.2,3.8,0.6,0.4,1,0.2
"Harley Reid",WCE,MID,GuldenEye,21,49,3,55.2,95.63,86.7,79.7,797,88.8,99.3,136,10,80.4,11.7,12.4,2.5,0,2.9,1.9,2.4,0.9,0.6
"Willem Duursma",WCE,MID,"Naughty Dog Entertainment",18,10,1,114.0,94.54,68.4,79.4,794,81,72.3,70,10,77.9,10.9,7.4,5.1,0,2.9,0.7,0.2,0.7,0.7
"Adam Cerra",CAR,MID,"JD Vyvance",26,155,9,79.1,95.49,91.7,79.3,555,79.2,79.7,66,7,72.9,10.1,11.3,3.9,0,3.9,1.3,1,0.1,0.1
"Ed Langdon",MEL,D/M/F,"Naughty Dog Entertainment",30,212,12,180.2,90.85,74.2,79.3,793,92.4,89.3,84,10,88.7,11,8.5,6.5,0,2.1,0.5,0.8,0.5,0.3
"Max Hall",STK,FWD,"Prince McAndrew",24,33,3,142.5,92.76,68.9,79.3,793,84,99.3,114,10,81.1,10.3,8.4,4.5,0,2.7,1,0.5,1.2,0.6
"George Hewett",CAR,MID,iWalshMyslfwthATonInMyMid,30,208,13,73.7,97.81,96.1,79.2,475,80,77,57,6,72.5,8.8,10.5,3.8,0,5,1.2,0.8,0.2,0.5
"Joel Freijah",WBD,MID/FWD,"Kids can call you Bont-ju",20,46,3,72.2,95.77,76.1,79,790,80.8,91,90,10,88.1,10,10.2,4.2,0,4,0.8,1.4,0.5,0.4
"Jordan Ridley",ESS,DEF,"Heartbreak Jake & da Subs",27,106,10,198.9,85.66,76.8,79,158,79,79,52,2,59,13,5.5,9,0,0.5,0,0,0,0
"Rhyan Mansell",RIC,FWD,"Free Agent",25,74,6,,12.98,58.9,79,79,79,79,79,1,82,9,3,7,0,4,0,1,2,0
"Jye Caldwell",ESS,MID,"Scissorlift Victims Unit",25,98,8,37.2,97.81,99.6,78.9,710,71.2,63.3,76,9,71,9.9,9.7,2.7,0,5,0.9,1,0.6,0.7
"Colby McKercher",NTH,DEF/FWD,"JD Vyvance",21,49,3,36.8,97.27,88.4,78.7,787,81.2,82.3,71,10,81.5,14.2,8,3.1,0,2.4,0.4,0.6,0.4,0.2
"Josh Ward",HAW,MID,"Jags to riches",22,77,5,125.2,92.08,77,78.5,785,72.6,84,79,10,76,10.7,10.7,4,0,3.4,0.8,0.5,0,0.1
"Dylan Stephens",NTH,MID,"Naughty Dog Entertainment",25,91,7,,77.73,61.4,78.3,783,69.2,60.7,70,10,85.5,12.8,7.7,5.5,0,1.9,0.8,0.7,0.2,0.5
"Jarrod Witts",GCS,RUC,GuldenEye,33,213,15,123.9,94.13,87.5,78.3,626,68.2,78.3,79,8,75.5,6.6,6,1.9,34.4,2.5,1.5,2,0.1,0.1
"Dylan Moore",HAW,FWD,"Scissorlift Victims Unit",26,135,9,61.5,96.31,85.8,78.2,704,77,80.3,120,9,88.8,10.2,9.4,4.3,0,2.4,0.6,0.7,1.1,0.7
"Jagga Smith",CAR,MID,"Jags to riches",20,10,2,66.8,95.90,69.2,78.2,782,80.4,83,91,10,75.9,10.6,12.4,3.3,0,2.7,1,0.7,0.3,0.2
"Jarrod Berry",BRL,MID,"Kids can call you Bont-ju",28,190,10,148.4,90.30,82.1,78.2,469,75,64.7,32,6,68.5,11.8,7.2,5.2,0,3,1.5,0.7,0.2,0.3
"Elijah Tsatas",ESS,MID,"Prince McAndrew",21,19,4,277.5,76.50,64.3,78,234,78,78,60,3,70.3,9.7,14.3,4.7,0,1.3,0,0.3,0.3,0
"Jeremy Howe",COL,DEF,"Baz’s 8-balls",35,278,16,,47.95,52.3,78,546,88.6,93.3,88,7,89,14.9,2.6,8,0,1.3,0.9,0.6,0,0
"Jordon Sweet",PTA,RUC,"Naughty Dog Entertainment",28,56,8,154.1,93.72,78.3,78,702,80,79.3,60,9,77.8,5.9,6.3,2.7,29.3,2.6,1.8,1.7,0.4,0.7
"Josh Treacy",FRE,FWD,"JD Vyvance",23,90,6,165.1,94.67,68.8,77.9,779,69.4,81,61,10,88,8.7,4.6,6.8,0,2.4,1.4,1.4,2.3,1.6
"Ollie Wines",PTA,MID,"Scissorlift Victims Unit",31,280,14,148.9,93.58,87.5,77.9,545,83,78.7,56,7,64.1,7.7,13.6,4.1,0,4.1,0.7,1.3,0.3,0
"Riley Bice",SYD,DEF,"JD Vyvance",25,26,2,238.2,87.02,65.5,77.7,777,69.4,68,66,10,80.1,12.6,8.2,5.7,0,1.8,0.7,0.7,0.1,0
"Ryan Lester",BRL,DEF,"Prince McAndrew",33,243,16,,57.10,56.8,77.6,776,83.2,90,63,10,90.7,11.7,5.5,8.3,0,1.8,0.6,0.4,0,0
"Tom Atkins",GEE,MID,"JD Vyvance",30,163,8,147.3,91.39,84.4,77.6,776,68.8,67.3,90,10,73.2,7.9,11.5,1.8,0,6.7,1.4,0.9,0,0
"Aliir Aliir",PTA,DEF,"Lachie’s Flesh Clarrynet",31,188,13,,65.98,56.8,77.5,775,73.4,79.3,42,10,99.7,13,4.1,9.4,0,1.3,0.8,1.3,0,0
"Harvey Thomas",GWS,MID/FWD,"Scissorlift Victims Unit",20,50,3,307.0,81.56,57,77.4,774,74.4,78.7,102,10,83.4,9.8,11.1,3.4,0,3.8,0.7,1,0.4,0.3
"Jack Gunston",HAW,FWD,iWalshMyslfwthATonInMyMid,34,291,17,257.1,76.23,67,77.3,618,77.6,83.7,100,8,85.1,9.1,2.3,6.1,0,0.9,0.5,0.6,3.8,2.4
"Massimo D'Ambrosio",HAW,MID,"Jags to riches",22,76,5,179.7,87.30,75.9,77.1,771,81.2,77.7,87,10,82.1,12.3,6.4,5.4,0,2.5,0.3,0.6,0.4,0.3
"Joel Jeffrey",GCS,DEF,"Heartbreak Jake & da Subs",24,62,6,183.7,87.98,76,76.8,691,67.2,84,66,9,70,13.1,6.4,5.9,0,1.3,0.6,0.6,0.4,0
"Darcy Wilson",STK,MID/FWD,"Houston we have a problem",20,50,3,131.5,92.76,70.3,76.7,690,81,90,85,9,82.7,10.1,10.2,4.3,0,2.1,1.1,1.1,1,0.7
"Trent Rivers",MEL,DEF,"Prince McAndrew",24,126,7,74.8,93.03,85,76.7,230,76.7,76.7,75,3,66.7,11,8.3,5.3,0,2.7,0,0,0,0.3
"Liam Duggan",WCE,DEF,"Banks' Palm Cards",29,210,12,162.0,85.79,83.2,76.1,761,80.2,82.7,99,10,79.6,13.6,5.8,5.6,0,1.9,0.9,0.6,0,0.2
"Jy Simpkin",NTH,MID/FWD,"Lachie’s Flesh Clarrynet",28,183,10,92.7,96.45,81.4,75.8,758,73.4,71.3,57,10,84.4,12.8,8,4,0,2,1,1.2,0.6,0.4
"Conor Nash",HAW,MID,"Scissorlift Victims Unit",27,129,10,221.4,78.83,75.2,75.7,681,74.8,75.7,63,9,74.7,7.9,11.7,2.2,0,5.6,1.3,1,0.2,0.1
"Ollie Hollands",CAR,DEF/MID,"Houston we have a problem",22,74,4,136.5,86.89,78.8,75.7,681,72,75,79,9,85.9,11.8,6.4,5.8,0,2.8,0.9,0.9,0.1,0.1
"Lachie Schultz",COL,FWD,"Scissorlift Victims Unit",28,136,8,174.8,93.17,76.3,75.6,756,69.6,67.7,53,10,79.5,8.5,6.9,4.8,0,4.4,1.5,1.3,1,0.7
"Mac Andrew",GCS,DEF,GuldenEye,22,75,5,227.5,84.43,61,75.5,755,88,93.7,85,10,87.7,10.8,7.9,6.7,2.5,1.8,1.2,1.3,0,0.2
"Ned Long",COL,MID,"The Forrie Crystals",23,46,5,132.7,86.07,79.2,75.3,678,79.2,82.7,78,9,72.9,6.9,10,2.6,0,6.8,0.4,1.1,0.3,0.8
"Jake Lever",MEL,DEF,"The Forrie Crystals",30,196,12,,40.44,56.1,75.2,752,73,76.7,78,10,94.1,12.6,3.8,8.3,0,1.6,1.2,0.9,0,0
"Angus Sheldrick",SYD,MID,"The Forrie Crystals",22,38,5,184.1,87.57,72.1,75,675,70.2,64.3,65,9,59.4,10.2,10.6,2.3,0,3.8,0.9,0.7,0.3,0.2
"Alex Neal-Bullen",ADE,FWD,"Banks' Palm Cards",30,210,12,234.5,86.48,70.6,74.9,674,79.6,80.7,70,9,83.2,10.9,5.9,4.7,0,3.1,0.6,0.7,0.8,0.8
"Jack Bowes",GEE,MID,"The Forrie Crystals",28,149,10,,58.33,64.3,74.8,449,75.2,69.3,93,6,71.3,10,8.8,4.2,0,2.5,1,0.7,0.8,0.7
"Jack Macrae",STK,MID,iWalshMyslfwthATonInMyMid,31,275,14,137.2,81.97,84.6,74.6,373,74.6,81,125,5,59.8,7.4,13,3.2,0,4.8,1,1.2,0,0.2
"Keidean Coleman",BRL,DEF,"Lachie’s Flesh Clarrynet",26,76,7,132.7,92.90,74.6,74.6,746,72.4,76.7,55,10,78.9,13.5,5,6.3,0,1.1,0.5,0.3,0.2,0
"Isaac Quaynor",COL,DEF,"Naughty Dog Entertainment",26,143,8,323.3,59.29,59.3,74.4,744,72.6,75.3,88,10,83.6,11.3,6.5,6.3,0,2.5,0.7,0.7,0,0
"Cooper Lord",CAR,MID,"Banks' Palm Cards",21,26,3,182.3,78.14,75.4,74.3,223,74.3,74.3,67,3,72.3,11,10.3,2.7,0,2.7,1.3,0.7,0.3,0.7
"Tom McCartin",SYD,DEF,"Prince McAndrew",26,160,9,,48.36,53.9,74.1,593,84.2,93,91,8,94.8,9.5,11.3,7,0,1.1,1.4,1.3,0,0
"Hayden McLean",SYD,FWD,"Free Agent",27,99,8,,14.21,56.3,74,74,74,74,74,1,70,6,7,4,6,1,2,0,3,0
"Ned Moyle",GCS,RUC,"Kids can call you Bont-ju",24,16,6,206.4,82.38,65,74,222,74,74,79,3,83.7,6.3,4.7,3,22.7,2.3,1.3,1,1,0.3
"George Wardlaw",NTH,MID,iWalshMyslfwthATonInMyMid,21,46,4,131.3,91.80,76.7,73.6,515,74.8,70.7,59,7,60.1,8.6,10.1,2.9,0,5,1.6,1.4,0.3,0
"Peter Wright",ESS,RUC/FWD,"JD Vyvance",29,162,12,207.2,91.53,71,73.6,736,78.4,96.7,68,10,80.4,7.9,5.1,4.3,14.4,1.8,1.3,1.2,1.1,0.9
"Cam Mackenzie",HAW,MID,"Naughty Dog Entertainment",22,54,4,198.5,83.47,64.3,73.5,588,70.4,77,79,8,70.5,10.3,9.5,3.3,0,3.8,1,1,0.1,0.3
"Deven Robertson",WCE,MID/FWD,"Free Agent",24,51,7,174.6,60.11,64.7,73.5,294,73.5,63.3,59,4,74.5,9.3,9.3,2.3,0,5.5,0.8,0.8,0,0
"Daniel Rioli",GCS,DEF,"JD Vyvance",29,213,11,184.8,87.02,74.3,73.4,734,83.2,90,78,10,81.4,11,9.2,4.1,0,2.5,0.7,0.8,0.2,0.2
"Mitch Lewis",HAW,FWD,"Heartbreak Jake & da Subs",27,88,10,315.1,70.63,62.5,73.4,734,72.8,70,65,10,79.4,9.3,4.2,7,0,1.5,1.1,0.6,1.6,1.2
"James Worpel",GEE,MID,"Banks' Palm Cards",27,154,9,147.4,86.75,79.7,73.3,440,69.6,68,87,6,70,9.5,8,2.8,0,5.5,1,2,0.5,0.3
"Connor Idun",GWS,DEF,"Houston we have a problem",25,127,8,206.8,80.46,72.7,73.2,732,74,79.3,72,10,98.5,10.1,10.1,5.4,0,1.9,0.4,0.5,0,0
"James Rowbottom",SYD,MID,"Heartbreak Jake & da Subs",25,150,8,154.5,89.07,78.8,73.2,732,63.2,59.7,61,10,72.9,8.1,8.1,1.9,0,6.6,1.7,0.6,0.1,0.1
"Darcy Byrne-Jones",PTA,DEF/FWD,"Jags to riches",30,231,13,,60.93,55.7,73.1,731,75,79,89,10,77.8,11.1,6.8,5.1,0,2,0.6,0.1,0.4,0.2
"Joe Fonti",GWS,DEF,GuldenEye,21,30,3,296.0,77.87,52.6,73.1,658,64.4,64.3,72,9,82,10.3,6.8,6.3,0,2.9,0.7,1.1,0.1,0
"Patrick Lipinski",COL,MID/FWD,"JD Vyvance",27,150,10,207.2,84.70,67.9,73.1,658,79.2,75,78,9,80.8,9.2,10.4,4.6,0,2.7,0.7,0.8,0.2,0.6
"Hugh McCluggage",BRL,MID,"Jags to riches",28,216,10,30.1,98.63,102.4,73,511,80,84.7,52,7,62.6,10,7,4.4,0,3.1,0.3,0.7,0.7,0.7
"Jack Graham",WCE,MID/FWD,"Houston we have a problem",28,154,10,112.1,84.02,82.6,73,365,73,64.3,55,5,74,9.6,8,2.2,0,6.6,1.8,3,0.4,0
"Brayden Cook",ADE,MID/FWD,"The Forrie Crystals",23,40,6,302.1,76.37,54.3,72.8,728,80,82.7,73,10,82.5,11.6,6.2,5.1,0,1.7,0.4,0.3,0.6,0.4
"Jake Waterman",WCE,FWD,"Heartbreak Jake & da Subs",28,122,10,190.3,84.56,72.6,72.8,728,80.8,87.7,65,10,87.8,9.9,2.4,6.4,0,1.1,1.5,0.7,2.1,2.7
"Karl Worner",FRE,DEF,"Free Agent",23,41,5,,44.54,57.5,72.6,726,74.4,79.3,88,10,79.1,10.9,7.1,5.7,0,2.5,0.9,0.8,0,0.1
"Rowan Marshall",STK,RUC,"JD Vyvance",30,165,10,56.5,97.95,98.6,72.6,653,92.2,93.3,87,9,74.6,8.4,7,4.3,13.2,1.7,1.4,1.7,0.6,0.6
"Joe Richards",PTA,FWD,"Scissorlift Victims Unit",26,41,4,267.3,74.86,65.1,72.5,725,69.6,61.3,84,10,80.5,10.1,5.6,4,0,3.8,0.4,0.5,0.7,0.7
"Jack Lukosius",PTA,FWD,"Free Agent",25,127,8,321.4,42.35,59,72.3,289,72.3,62.7,54,4,81.5,10.3,3,6.3,0,2,0.3,0.5,1.5,1
"Jai Serong",SYD,DEF/MID,"Baz’s 8-balls",23,19,5,280.3,73.50,40.9,72.3,651,71.2,74.7,79,9,87.2,10.3,8,5,0,2.8,0.9,1,0.2,0
"Kane McAuliffe",RIC,MID,"The Forrie Crystals",21,20,3,207.0,79.92,70.7,72.3,434,76.8,70.7,30,6,73.2,11.7,7.3,3.3,0,3.3,1.5,1.5,0.3,0.3
"Andrew McGrath",ESS,DEF,"Banks' Palm Cards",27,190,10,89.7,91.12,86.7,72.1,721,73,70.3,79,10,81,10.3,9.5,4.4,0,2.2,0.8,0.4,0.1,0
"Blake Hardwick",HAW,DEF,"Banks' Palm Cards",29,208,11,,59.15,62.7,72,720,67.4,59,82,10,89.9,11.6,5.9,5.6,0,2.5,1,0.8,0,0
"Lachie Jaques",WBD,DEF,"Free Agent",19,6,2,258.7,71.45,52.9,72,432,71.2,56.7,57,6,77.7,11.3,6.2,4.8,0,2.7,1.3,0.3,0,0.2
"Nick Haynes",CAR,DEF,"Houston we have a problem",33,240,15,290.4,56.01,71.5,72,432,69.6,71.3,63,6,84.5,12.5,5.3,6.5,0,1.7,0.2,0.8,0,0
"Finn O'Sullivan",NTH,DEF/MID,"Kids can call you Bont-ju",19,30,2,126.8,93.03,72.4,71.8,574,72.2,69,55,8,83.1,9.6,10.3,3.5,0,2.8,0.8,1.3,0.6,0.1
"Charlie Cameron",BRL,FWD,"Free Agent",31,264,13,,48.09,53.3,71.7,717,75.6,67.7,77,10,80,10.3,2.1,3.9,0,2.8,1.4,0.7,2.3,0.6
"Logan Morris",BRL,FWD,GuldenEye,21,54,3,222.6,82.79,61.5,71.7,645,68.6,72.7,74,9,79.7,9.6,2.7,5.4,0,0.9,1.3,0.2,2.6,1.8
"Shaun Mannagh",GEE,FWD,"JD Vyvance",28,45,3,76.5,94.67,88,71.7,717,82.8,95.7,129,10,82.3,11.6,4.3,2.5,0,2.2,1,0.1,1.8,0.5
"Christian Salem",MEL,DEF,iWalshMyslfwthATonInMyMid,30,204,13,92.2,91.39,92,71.6,358,71.6,63,46,5,75,16.2,4.4,3.4,0,1.4,0.2,1,0.2,0
"Jacob Farrow",ESS,DEF/MID,"Lachie’s Flesh Clarrynet",18,8,1,162.7,87.98,62.5,71.6,573,60.8,58.7,80,8,77.3,10.8,6.8,7,0,1.4,0.4,0.4,0,0.1
"Tom Papley",SYD,FWD,GuldenEye,29,206,11,284.9,74.59,63,71.6,716,67.4,63,42,10,74.1,10.2,5.9,3.1,0,3,1,1,1.4,1.5
"Jordan de Goey",COL,MID/FWD,"JD Vyvance",30,191,12,156.5,90.85,68.8,71.4,643,77.6,94,86,9,74.4,10.6,7.6,3.9,0,2,0.8,0.7,1,0.2
"Sam Durham",ESS,MID,"Lachie’s Flesh Clarrynet",24,101,6,100.2,93.31,82.2,71.4,714,75.6,82,62,10,78.4,9.1,10.5,3.1,0,4,1.1,2.1,0.5,0
"Tom Powell",NTH,MID/FWD,"JD Vyvance",24,99,6,113.5,88.93,83.4,71.3,570,62,61.3,49,8,76.3,10.1,6.6,5,0,2.8,0.5,0.6,0.4,0.8
"Mitch Georgiades",PTA,FWD,"The Forrie Crystals",24,102,7,154.1,89.34,70.1,71.2,712,71.6,61,41,10,91.4,8.4,4,6.1,0,1.3,0.6,1.4,2.6,2.5
"Josh Lindsay",WCE,DEF,"Houston we have a problem",19,9,1,146.3,87.98,66.9,71,639,77.8,76.7,86,9,75.1,14.6,5.8,4,0,1.1,0.3,0.6,0.1,0
"Ollie Dempsey",GEE,MID/FWD,"The Forrie Crystals",23,68,5,100.3,94.13,75.8,71,710,71.8,68.3,73,10,86.5,8,10.4,4.3,0,1.9,0.5,0.5,1,0.7
"Matty Roberts",SYD,DEF/MID,"Jags to riches",22,57,5,106.5,89.34,83,70.9,638,74.2,69.7,28,9,80.9,10.9,7.7,4.4,0,1.8,1.7,0.3,0.2,0.4
"Will Hayward",CAR,FWD,"Free Agent",27,193,10,279.1,54.10,58.9,70.6,635,83,83.7,91,9,77.9,9.2,6.2,6,0,2.2,0.8,0.8,0.7,1.1
"Harry Perryman",COL,DEF,"Free Agent",27,162,10,263.5,65.16,66.3,70.5,564,71.6,76,47,8,75.8,10.6,6.8,5.3,0,2.6,0.5,0.6,0,0.3
"Harry Rowston",GWS,MID,"Free Agent",21,21,4,193.2,67.62,70.1,70.5,282,70.5,73,93,4,67,11,4.8,4.5,0,2.8,0.3,0.5,0.8,0.3
"Sam Lalor",RIC,MID/FWD,"Baz’s 8-balls",19,18,2,92.7,91.80,64.6,70.4,493,69.2,72.3,66,7,75.7,10.4,6.1,4.1,0,2.7,0.9,1.6,1.1,0.6
"Logan Evans",PTA,DEF,"Jags to riches",20,33,3,318.6,66.26,57.5,70.3,703,68.6,85.3,57,10,86,13.1,3.9,6,0,1.7,0.8,1,0.1,0
"Riley Thilthorpe",ADE,FWD,"JD Vyvance",23,87,6,54.4,96.86,84,70.2,632,63,51,59,9,86.3,9.2,3.6,5.3,1.1,1.7,1.3,0.2,1.6,1.7
"Dion Prestia",RIC,MID,"Baz’s 8-balls",33,244,16,286.5,63.80,73.5,70.1,491,69,60.3,0,7,65.3,8.6,9.7,3.9,0,3.4,0.4,0.6,0.1,0.1
"Jaspa Fletcher",BRL,DEF,"Baz’s 8-balls",22,78,4,49.6,96.58,86.3,70.1,701,63.6,52,48,10,82.3,11.3,7,5.5,0,1.8,0.5,1.1,0.2,0.1
"Ben Ainsworth",CAR,FWD,"Houston we have a problem",28,168,10,246.9,67.49,65.1,70,700,76,85.3,69,10,79.1,9.4,7.1,4.6,0,1.7,0.5,0.4,1.2,0.5
"Harry Morrison",HAW,MID,"Free Agent",27,126,10,278.3,42.35,71.6,70,210,70,70,68,3,81,9.3,7.7,5.3,0,3,0.7,1.3,0.3,0
"Marc Pittonet",CAR,RUC,iWalshMyslfwthATonInMyMid,29,89,12,195.0,88.11,79,70,630,67.2,46.7,60,9,70.1,5.6,6.8,1.1,23.9,2.8,1.7,1.4,0.7,0.1
"Ryan Maric",WCE,DEF/MID,"Houston we have a problem",21,56,4,160.3,82.51,76.3,70,350,70,64.7,58,5,80,10,9,4.2,0,2.4,0.4,0.6,0.2,0
"Zach Guthrie",GEE,DEF,GuldenEye,27,138,10,192.2,77.73,76.7,69.9,699,74.4,73.7,65,10,76.5,10.4,6.5,5.1,0,2.6,0.9,0.5,0.1,0
"Kade Chandler",MEL,FWD,iWalshMyslfwthATonInMyMid,26,89,8,248.1,68.17,67.9,69.7,697,71.8,74.3,87,10,83.5,8.6,7.4,2.4,0,4,0.6,0.8,1.2,0.5
"Heath Chapman",FRE,DEF,"Free Agent",24,75,6,331.1,49.59,58.5,69.5,695,73,73.7,86,10,84.6,11.5,6.1,5.8,0,1.8,0.2,0.9,0.1,0.1
"Luke McDonald",NTH,DEF,"Free Agent",31,228,13,,35.11,60.3,69.4,694,65.8,56.3,59,10,86.4,11.4,5.5,6,0,1.9,0.7,0.9,0.1,0
"Shannon Neale",GEE,FWD,"Free Agent",23,55,6,236.6,59.56,62.6,69.1,691,78.2,87.3,88,10,89.9,6.7,4.1,4.4,5.5,2.5,0.9,1,2.2,1
"Jordan Boyd",CAR,DEF,"Free Agent",27,40,6,,7.24,46.1,69,138,69,69,51,2,73,13,1.5,5,0,3,0,0,0,0
"Paul Curtis",NTH,FWD,"Jags to riches",23,88,5,157.8,86.07,70.2,68.8,688,80.8,69.7,79,10,79.6,8.3,4.4,3.9,0,3.1,1.7,1.3,2,1.2
"Jake Lloyd",SYD,MID/FWD,"JD Vyvance",32,281,14,233.5,81.69,78,68.6,686,71.4,67.3,44,10,84.1,9.4,6.6,5.1,0,2.1,0.3,0.4,0.7,0.2
"James Trezise",RIC,MID,"Free Agent",23,30,4,,23.77,52.5,68.3,410,71.8,88.7,108,6,80.7,9,6.7,5.3,0,2.8,1.2,0.2,0,0
"Nick Watson",HAW,FWD,"Heartbreak Jake & da Subs",21,53,3,203.2,86.89,52.8,68.1,681,61.6,57,56,10,80.4,8.6,5.3,2.6,0,2.3,0.8,0.9,2.6,1
"Harry McKay",CAR,FWD,"Scissorlift Victims Unit",28,149,11,133.6,82.65,79.2,67.9,611,66.8,77,70,9,90,9.6,3.7,6,0.4,1.4,1.7,1.4,1.4,1.7
"Tom De Koning",STK,RUC,"Lachie’s Flesh Clarrynet",26,110,9,42.0,97.27,90.2,67.9,679,61.2,70.3,79,10,74.3,6.2,7,3.8,19.6,1.2,1.2,1.8,0.5,0.7
"Caleb Windsor",MEL,DEF/MID,"Kids can call you Bont-ju",20,45,3,139.4,85.93,60.7,67.8,610,65.8,78.7,75,9,73.1,10.6,6.8,1.9,0,3.7,0.7,0.4,0.4,0.2
"Jack Carroll",STK,DEF/MID,"Free Agent",23,34,6,304.6,43.44,45.4,67.8,678,73.8,69.7,101,10,79.4,10.6,4.9,6.2,0,2.1,0.5,0.5,0,0.2
"Aaron Cadman",GWS,FWD,"Jags to riches",22,64,4,201.1,84.43,58.4,67,335,67,67.3,45,5,85.6,7.4,3.6,4.8,0,2.4,1,0.2,2,1.2
"Jack Ison",CAR,MID,"Free Agent",19,1,1,,27.32,56.1,67,67,67,67,67,1,79,12,3,6,0,1,1,2,1,2
"Corey Wagner",FRE,MID,"Free Agent",29,66,8,,30.87,65.6,66.7,600,69.6,69.7,53,9,75.9,11.6,7.3,3.8,0,1.8,0.2,0.6,0,0.3
"Bruce Reville",BRL,MID,GuldenEye,25,35,3,,41.80,58.7,66.4,664,66.6,76.3,60,10,73.6,11.4,4.9,4.9,0,1.6,0.3,0.7,0.4,0.7
"Jaxon Prior",ESS,DEF/MID,GuldenEye,24,71,7,335.2,50.41,64.6,66.4,598,63.4,53,49,9,81.9,11.1,5.3,4.4,0,2.3,0.8,0.3,0,0
"Patrick Retschko",RIC,MID,"Baz’s 8-balls",20,5,2,308.3,62.30,55.6,66.4,332,66.4,58.7,54,5,87,10.6,6.4,4.6,0,2.4,0.2,0.6,0,0
"Brent Daniels",GWS,FWD,"Lachie’s Flesh Clarrynet",27,116,9,139.1,91.94,75.7,66,330,66,58,46,5,74,9.8,6.8,2.8,0,1.8,0.6,1,1.6,0.2
"Neil Erasmus",FRE,MID,"Free Agent",22,49,5,211.2,67.90,71.4,65.9,659,66.2,68.3,79,10,73.7,9.6,8.1,4,0,2.3,0.5,0.8,0.2,0.4
"Zac Williams",CAR,DEF/FWD,"Free Agent",31,183,14,273.2,61.07,62.5,65.9,593,69.8,57.3,72,9,71.3,11.1,6.3,2.9,0,2.9,0.7,0.9,0.2,0.3
"Cam Rayner",BRL,FWD,"Kids can call you Bont-ju",26,177,9,163.5,83.06,70.6,65.7,657,67.2,70,71,10,82.6,8.3,6.6,4.2,0,2.2,0.8,0.9,1.1,1.5
"Jayden Laverde",GWS,DEF,"Free Agent",30,155,12,,34.56,64.7,65.6,656,60.8,60.7,65,10,89.3,9.5,6,6.9,0,1.8,0.5,1.1,0,0
"Luke Trainor",RIC,DEF/MID,"Lachie’s Flesh Clarrynet",20,26,2,223.8,71.04,61.1,65.6,328,65.6,54.7,52,5,81.4,11.6,5.2,5.8,0,1.8,0.6,1.6,0,0
"Angus Anderson",COL,MID,"Baz’s 8-balls",22,6,1,316.5,65.98,56.3,65.5,393,60.2,52,66,6,65,8.8,5.7,2.8,0,3.7,0.8,1,1,0.7
"Kyle Langford",ESS,MID/FWD,"Free Agent",29,172,12,283.5,63.11,67.3,65.5,655,69.2,61.3,62,10,84.5,9.1,6.6,5,0.1,2.1,0.6,0.8,0.4,0.9
"Mason Wood",STK,MID/FWD,"Houston we have a problem",32,165,14,252.2,64.21,69.8,65.4,589,65,73,56,9,81,9.2,5.9,4.8,0,2.2,0.6,0.6,0.6,0.6
"Hunter Clark",STK,DEF/MID,"Free Agent",27,114,9,297.2,33.33,68.3,65.3,196,65.3,65.3,57,3,49.7,10.3,4.7,6,0,2,0,0.3,0,0
"Josh Weddle",HAW,DEF/MID,"Free Agent",21,70,4,102.6,89.07,73.7,65.3,653,65.4,58.7,80,10,85.3,8.3,7.3,4.6,0,2.2,0.6,0.5,0.5,1.1
"Jacob Hopper",RIC,MID,"Kids can call you Bont-ju",29,174,11,152.5,77.32,83.1,65.1,586,68.2,65.3,64,9,75.6,9.2,12.4,2.2,0,2.2,1.1,1.4,0,0.2
"Kieren Briggs",GWS,RUC,"The Forrie Crystals",26,77,8,103.5,88.39,84.2,65,455,66.6,67.7,89,7,65.3,6.1,4.4,1.6,22.6,3,1.1,1,0,0.3
"Nick Coffield",WBD,DEF,"Free Agent",26,67,9,,13.25,52.6,65,195,65,65,58,3,75.7,10.3,4,7,0,2,1,1.3,0,0
"Sam Clohesy",GCS,MID,"Free Agent",23,40,3,290.3,46.45,65.7,65,390,65.2,51.3,38,6,74.8,9.7,6.3,4.7,0,2.2,0.7,0.8,0.3,0.5
"Ben Keays",ADE,FWD,"Free Agent",29,171,11,141.1,80.74,78,64.9,649,69.8,78.7,70,10,88,8.6,6.4,3.1,0,2.9,0.6,1.2,1.3,0.6
"Sam Grlj",RIC,DEF/MID,"Heartbreak Jake & da Subs",18,9,1,146.3,86.61,67.3,64.8,583,59.6,61,78,9,75,9,7.2,3.4,0,3.1,0.8,0.1,0,0.1
"Aaron Naughton",WBD,FWD,"Naughty Dog Entertainment",26,176,9,165.6,81.83,71.5,64.7,647,57.4,65.7,68,10,81.8,7,2.9,4.6,0.1,1.8,1.4,0.5,2.6,1.3
"Leek Aleer",GWS,DEF/RUC,"Scissorlift Victims Unit",24,28,5,,27.19,44.8,64.7,194,64.7,64.7,51,3,65.7,4.7,5.3,2.3,10.3,4.3,1.7,0.7,0.7,1.7
"Xavier Duursma",ESS,MID,"Free Agent",25,120,8,184.8,70.90,78.6,64.7,647,65.2,61,67,10,75.9,7.3,8,4.3,0,1.9,1.5,0.1,0.8,0.3
"Bailey Humphrey",GCS,MID/FWD,"Jags to riches",21,70,4,92.8,94.13,72.3,64.6,452,62.6,55,54,7,81.7,9,4.7,3.6,0,3.4,1,1.7,1,1.9
"Darcy Fort",BRL,RUC,GuldenEye,32,66,8,270.8,60.38,69.2,64.6,581,63.4,68,68,9,63.3,7.7,4.9,3.3,15.8,1.8,1.4,1.6,0.3,0.1
"Tom Blamires",NTH,DEF/MID,"Free Agent",23,9,1,,57.10,65.3,64.6,581,62.8,57.7,49,9,79.1,10.2,7.3,4,0,1.3,0.7,0.3,0.3,0.2
"Jake Riccardi",GWS,RUC/FWD,GuldenEye,26,97,7,195.7,85.11,69.5,64.3,514,57.2,49,23,8,73.6,7.5,4.8,4.3,6.6,1.8,0.5,1.4,1.5,0.5
"Lloyd Meek",HAW,RUC,"Heartbreak Jake & da Subs",28,87,9,64.9,93.03,87.6,64.3,643,53.2,48.7,30,10,54,4.4,6.3,2.4,22,3,1.4,1.8,0.2,0.1
"Bayley Fritsch",MEL,FWD,"Free Agent",29,180,9,,26.64,64,64.1,577,64.4,58,69,9,87.4,8.1,5.2,3.3,0,2.2,1,0.2,1.6,0.8
"Beau McCreery",COL,FWD,"Free Agent",25,105,6,279.7,46.17,56.8,64.1,577,68.6,65,45,9,76.1,8.1,6.8,2.6,0,4.3,0.7,1.3,0.7,0.6
"Ben Miller",RIC,DEF,"Free Agent",26,79,9,,15.16,57.9,64.1,641,63.2,78,121,10,94.7,10.8,3.5,6.8,0.3,1.7,0.5,1.1,0,0
"Jack Martin",GEE,FWD,"Houston we have a problem",31,173,13,264.0,46.58,72.2,64.1,577,66,61.3,39,9,70.1,7.7,4.4,5.2,0,2.6,0.9,0.9,1.2,0.8
"Mark Blicavs",GEE,RUC,"Banks' Palm Cards",35,302,15,252.6,75.00,70.2,64.1,449,63.6,48.7,39,7,68.4,6,7.4,2.4,10.6,3.6,1,1,0.1,0.3
"Mattaes Phillipou",STK,MID/FWD,"Baz’s 8-balls",21,54,4,87.4,92.62,74.7,64.1,641,72.8,73.3,76,10,67.5,7,7.7,3.1,0,3.5,1,0.6,0.7,1
"Jaeger O'Meara",FRE,MID,"Free Agent",32,203,14,,21.86,62,63.7,191,63.7,63.7,77,3,73.7,8.7,8.3,3,0,3,0.7,0.3,0,0.3
"Connor O'Sullivan",GEE,DEF,"Free Agent",20,36,3,209.5,70.77,61.3,63.6,636,52.6,51.3,46,10,91,9.1,6.4,6.2,0,1.8,1.2,1.2,0,0.1
"Sam Darcy",WBD,FWD,"Heartbreak Jake & da Subs",22,51,5,34.8,92.62,84.7,63.5,381,63.6,57.3,22,6,72.8,7.3,4.2,3.5,4.5,1.8,2.3,1.7,2,1.5
"Harris Andrews",BRL,DEF,"Free Agent",29,246,12,236.8,50.14,63.5,63.4,444,64.6,52.7,50,7,94.7,9.1,5.7,7.1,0,1,0.4,0.4,0,0
"Nate Caddy",ESS,FWD,"Free Agent",20,36,3,233.9,65.85,57.1,63.4,571,66.4,73.7,49,9,89.1,8.3,3,4.2,0.1,1.2,1.2,0.4,2.1,2.2
"Isaac Cumming",ADE,MID,"Free Agent",27,114,10,279.4,60.38,67,63.3,570,54.8,54.7,65,9,76.2,9.2,5.7,4.2,0,2.7,0.7,1,0.6,0
"Jake Stringer",GWS,FWD,"Free Agent",32,237,14,,27.60,57.2,63.3,633,60,61,59,10,81.2,9.2,3.3,3.7,0,1.7,1.1,0.7,1.8,1.4
"Matthew Carroll",CAR,DEF/MID,"Free Agent",20,26,3,,29.37,53.1,63.3,570,67.6,61,96,9,76.9,10.2,5.3,4.8,0,0.9,0.2,0.8,1,0.2
"Saad El-Hawli",ESS,DEF/MID,"Free Agent",25,14,3,,18.03,57,62.8,314,62.8,72.7,66,5,70.2,9.8,6.2,3.4,0,2,1.2,0.4,0.4,0.4
"Seth Campbell",RIC,FWD,"Heartbreak Jake & da Subs",21,53,4,292.4,51.23,61.8,62.5,625,70.6,68,63,10,82.3,9.5,4.9,3.2,0,1.9,0.7,0.6,1.2,0.9
"Jake Soligo",ADE,MID,"Heartbreak Jake & da Subs",23,93,5,93.0,86.20,83.6,62.4,499,56.4,62.3,81,8,71.1,8.5,6.4,2.6,0,3.8,0.8,1.3,0.6,0.5
"Campbell Chesser",CAR,MID,"Free Agent",23,39,5,290.8,27.05,61.6,62.3,187,62.3,62.3,66,3,77.7,7.7,7.7,4,0,3.3,0.3,0.7,0,0.3
"Liam Baker",WCE,DEF,"Free Agent",28,160,9,142.2,75.14,81,62.3,561,63.8,71,75,9,81.3,8.4,8.1,3,0,3.1,1.4,1.9,0.6,0.2
"Christian Moraes",PTA,MID/FWD,"Prince McAndrew",19,19,2,271.8,60.25,65.8,62.2,311,62.2,59.3,43,5,60.4,7.6,9.6,3.8,0,2.2,0.6,0.6,0.2,0
"Koltyn Tholstrup",MEL,D/M/F,"Banks' Palm Cards",20,29,3,,45.77,54.5,62.2,622,65.2,70,51,10,80,10.5,6.5,3.2,0,1.9,0.9,0.4,0.1,0.2
"Brodie Kemp",CAR,FWD,"Free Agent",25,59,7,,21.04,53.7,62.1,621,71,70,63,10,85.8,7.6,3.8,5.1,0,2,0.3,0.7,1.5,1.2
"Max Michalanney",ADE,DEF,"Free Agent",22,76,4,285.5,42.90,60.3,62.1,621,61,50.3,63,10,82.3,8.8,5.2,5.7,0,2.6,0.5,0.9,0,0
"Sam Wicks",SYD,DEF,"Free Agent",26,97,8,,11.89,52.5,62,620,72.6,74.3,90,10,80.7,8.7,8.1,3.3,0,2.8,0.6,0.9,0.1,0.1
"Toby Murray",ADE,RUC/FWD,"Scissorlift Victims Unit",22,5,3,,21.04,49.6,62,310,62,77.7,91,5,59.6,7,2.2,4.6,6.6,2.2,2,0.4,1,0.6
"Oisin Mullin",GEE,DEF/MID,"Scissorlift Victims Unit",26,53,5,,22.27,45.5,61.9,619,75.6,78.3,89,10,79.8,6.8,7.1,3.8,0,4,1,0.7,0.1,0.4
"Ryan Angwin",GWS,MID,"Free Agent",23,39,6,246.6,57.24,71.2,61.7,555,50.4,51.7,38,9,81.6,7.8,9.2,3,0,2.6,0.4,0.7,0.3,0.2
"Stephen Coniglio",GWS,MID,"Jags to riches",32,236,15,250.1,68.58,62.8,61.4,553,46.2,52.3,43,9,69.6,8,8.6,3.3,0,2.3,0.3,0.6,0.3,0.3
"Daniel Turner",MEL,DEF,"Free Agent",24,45,6,,20.77,56,61.3,490,69.8,64.7,82,8,87.1,9.3,4.6,6,0,1.8,0.3,0.6,0.1,0.1
"Harvey Langford",MEL,MID,"Houston we have a problem",20,32,2,102.6,85.25,71.4,61.3,613,69.4,65,83,10,76,7.9,7.4,3.1,0,1.5,0.6,0.4,1.3,0.3
"Jack Silvagni",STK,DEF,"Free Agent",28,138,11,265.8,45.63,64.8,61.3,613,53.2,56.3,81,10,92.6,9.9,4,6.2,0,2,0.6,1.4,0.1,0
"Noah Balta",RIC,DEF/FWD,"JD Vyvance",26,126,9,,60.66,55.6,61.3,552,68.8,83.7,54,9,85,8.8,4.2,5.2,5.4,0.7,1.2,0.9,0.7,0.2
"Harry Sharp",MEL,FWD,"Free Agent",23,44,6,,23.36,47.4,61.1,611,59.2,60,45,10,78.6,8.1,5.2,2.9,0,2.6,0.9,0.9,1.4,0.7
"Zak Johnson",ESS,DEF,"Free Agent",19,14,2,259.5,47.81,56,61,305,61,55,45,5,76.4,10.2,7.6,4.8,0,0.2,0,0,0,0
"Xavier Lindsay",MEL,DEF/MID,"Jags to riches",19,23,2,162.2,74.73,66.4,60.8,304,60.8,58.3,54,5,72.6,11.8,4.6,2.2,0,2.2,0.2,0.2,0.2,0
"Changkuoth Jiath",MEL,DEF,"Free Agent",26,83,9,202.8,54.78,75.1,60.7,425,57.8,67.7,51,7,65.6,9.6,4.7,5.6,0,1.6,0.4,0.3,0,0
"Jack Darling",NTH,FWD,"Free Agent",33,329,16,,8.33,49.6,60.6,545,63,52.7,41,9,65.1,6.6,4.6,3.4,2.2,3,1,0.6,1.2,0.6
"Steele Sidebottom",COL,MID,"Naughty Dog Entertainment",35,363,18,217.1,59.84,77.2,60.6,545,56,48.3,65,9,78,8.4,7,4.9,0,1.6,0.2,0.4,0.2,0.1
"Kai Lohmann",BRL,FWD,"Free Agent",23,63,5,313.4,41.67,56.2,60.4,604,59,70.7,54,10,80.1,7.4,4.4,3.3,0,2.8,0.8,1.4,1.8,0.9
"Cameron Zurhaar",NTH,FWD,"JD Vyvance",27,153,10,,65.30,60.3,60.3,603,75.2,70.7,47,10,78.8,9.5,4.4,4.8,0,1.5,0.7,1,0.7,0.7
"Nathan O'Driscoll",FRE,MID,"Free Agent",24,41,6,261.4,41.39,67.1,60.3,181,60.3,60.3,64,3,80,6.3,9.7,3.7,0,2.3,0.3,0.3,0.3,0.3
"Sam Draper",BRL,RUC/FWD,"Prince McAndrew",27,87,10,113.2,90.57,75.4,60.2,542,63,66.7,76,9,69.8,7.4,2.9,2.7,19.2,1.1,1.4,1.9,0.7,0.7
"Archie Perkins",ESS,FWD,"Free Agent",24,107,6,287.3,43.03,62.9,60,360,58.8,63.3,58,6,74.8,8.2,6,4.7,0,1.3,0.7,0,0.5,0.5
"Charlie Banfield",STK,MID/FWD,"Free Agent",18,1,1,,20.49,51.6,60,60,60,60,60,1,60,9,2,3,0,3,2,0,1,0
"Harry Himmelberg",GWS,DEF,"Free Agent",30,211,11,191.4,61.48,78.1,60,600,59.6,59.3,69,10,83.5,8.6,8,4.8,0,1.4,0.2,0.9,0.1,0.1
"Henry Hustwaite",HAW,MID,"Free Agent",21,11,4,315.4,37.70,62.5,60,60,60,60,60,1,71,7,12,1,0,3,0,0,0,0
"Mason Redman",ESS,DEF,"Scissorlift Victims Unit",28,147,11,109.3,91.39,85.3,60,240,60,46,45,4,62.3,10.8,4,4,0,1.3,1.5,0.3,0.3,0.5
"Michael Frederick",FRE,FWD,"Free Agent",26,107,7,,15.30,57.8,60,300,60,67,57,5,72.2,8,3.8,3.6,0,2.4,0.6,0.4,1.4,0.2
"Mitch Owens",STK,FWD,"Free Agent",22,81,5,236.9,58.06,62.6,60,540,58,60.3,31,9,89.1,7.1,4.8,3.8,0.3,1.4,1.4,0.4,1.7,1.6
"Sam Butler",HAW,MID/FWD,"Free Agent",23,32,5,238.8,43.58,63,60,420,64.8,61.3,67,7,71.7,8,3.9,3.6,0,3.7,0.3,0.4,0.6,0.3
"Nick Vlastuin",RIC,DEF,"Free Agent",32,264,14,194.4,62.70,79.6,59.9,539,64,72,70,9,83.7,9.9,5.9,3.6,0,2,1.7,0.9,0.1,0.1
"Jye Amiss",FRE,FWD,"Free Agent",22,81,5,,25.55,45.3,59.7,597,68.4,54.3,63,10,88.8,7,2.9,4.7,0,1,0.8,0.2,2.2,1.4
"Tom McDonald",MEL,DEF,"Free Agent",33,252,16,,4.78,57.9,59.7,179,59.7,59.7,74,3,98.3,10,4.7,6.7,0,1,0.3,1.3,0,0
"Jeremy Sharp",FRE,MID,"Free Agent",24,62,7,,17.49,56.2,59.5,119,59.5,59.5,43,2,67.5,7.5,4.5,6,0,1,0,0,1,0
"Sullivan Robey",ESS,MID/FWD,"Baz’s 8-balls",18,6,1,168.3,82.79,64.3,59.5,357,64.2,78.3,89,6,75.2,7.3,7.3,3.2,0,2.8,0.5,1.2,0.8,0
"Alex Davies",GCS,MID,"Free Agent",24,46,6,295.9,38.39,64.2,59.3,356,59.2,45,32,6,58.2,5.3,10.8,1,0,4.5,1,1.3,0.5,0.7
"Jack Scrimshaw",HAW,DEF,"Free Agent",27,129,10,289.9,38.80,67.6,59.2,355,57.6,45.7,19,6,78.8,8.7,8.7,4.7,0,1.5,0.3,1.5,0,0
"Jacob Wehr",PTA,DEF/MID,"Free Agent",27,48,6,,20.77,57.5,59.2,533,60.4,60.7,60,9,77.4,9.9,3.8,4,0,2.7,0.4,0.8,0.1,0.6
"Sam Collins",GCS,DEF,"Free Agent",31,159,10,,9.15,51,59.2,592,66.4,67.3,72,10,93.2,6.9,7.3,6.4,0,1.2,0.8,0.3,0,0
"Lachie Weller",GCS,MID,"Baz’s 8-balls",30,171,12,,44.95,56.4,58.8,588,67,60,10,10,72.7,8.1,7,3,0,2.2,0.5,0.3,0.5,0.1
"Lincoln McCarthy",BRL,FWD,"Free Agent",32,159,15,,18.44,57.8,58.8,470,63.8,64.3,24,8,76.1,9.8,3.3,4.8,0,1.8,0.6,1.3,0.8,0.4
"Todd Marshall",PTA,DEF/FWD,"Free Agent",27,121,10,265.3,40.57,56.7,58.6,293,58.6,56,28,5,73.8,11.2,2.2,6.2,0,0.8,0,0.4,0,0
"Tyler Sonsie",RIC,MID/FWD,"Free Agent",23,48,5,287.0,43.31,57,58.6,469,56.2,56,51,8,84.9,9.3,6.8,3.8,0,1.1,0.9,0.4,0.3,0.4
"Mark O'Connor",GEE,DEF/MID,"Free Agent",29,155,10,,20.49,61.5,58.4,467,57.4,51,38,8,78,7.5,6.8,4,0,2.4,0.4,0.6,0.4,0.1
"Brennan Cox",FRE,DEF,"Free Agent",27,143,10,,12.43,46.6,58.1,465,56.6,55,58,8,80.8,9.1,3.8,5.3,0,2.3,1.1,0.9,0,0
"James Jordon",SYD,MID/FWD,"Free Agent",25,124,8,,25.41,59.3,58.1,581,60,56,51,10,85,6.2,8.4,1.7,0,3.9,0.8,0.4,0.4,0
"Jacob van Rooyen",MEL,FWD,"Free Agent",23,67,5,,31.42,58.3,58,580,59.6,59.7,33,10,81.9,6,4.7,4,1.8,1.3,0.5,0.4,1.9,0.9
"Matt Flynn",WCE,RUC,"Free Agent",28,59,11,198.8,53.14,78.7,58,232,58,63,30,4,73.3,4,5.8,0.8,18.8,4.3,1,2,0.3,0
"Rhett Bazzo",WCE,DEF,"Free Agent",22,29,5,,1.23,49.2,58,58,58,58,58,1,81,6,6,8,0,1,0,0,0,0
"Nick Larkey",NTH,FWD,"Free Agent",27,144,10,278.2,41.26,59.9,57.7,577,53.6,41.7,36,10,92.5,6.1,3.7,3.9,0,1.2,1.6,0.3,2.3,1
"Blake Howes",MEL,DEF,"Free Agent",23,38,5,,11.07,52.1,57.6,576,66,69.7,68,10,81.6,8.1,7.3,4.9,0,1.7,0.2,1,0,0
"Phoenix Gothard",GWS,FWD,"Free Agent",20,10,3,,43.03,49.8,57.5,575,50.6,39.3,37,10,72.4,6.4,7.2,2.3,0,2.7,1,0.9,1.2,0.7
"Ryan Byrnes",STK,DEF,"Free Agent",25,82,7,325.1,19.67,66.6,57.5,115,57.5,57.5,58,2,79,9.5,8.5,3.5,0,0.5,0.5,0.5,0,0.5
"Joe Berry",PTA,FWD,"Free Agent",20,22,2,283.1,42.49,50.1,57.3,573,65.4,60,75,10,75.4,7.9,5.8,3.7,0,1.9,1.3,0.9,0.7,0.5
"Harry Cunningham",SYD,DEF/FWD,"Free Agent",32,225,15,,4.64,54.6,57.2,343,58,53.7,46,6,74,7.2,5.5,3.3,0,3,0.7,0.2,0.3,0.5
"Mitch McGovern",CAR,DEF/FWD,"Free Agent",31,155,12,,30.33,64.7,57.2,572,47.8,44.3,26,10,77.5,7.2,2.9,2.8,0,2.3,1.3,0.4,1.9,0.7
"Zac Taylor",ADE,FWD,"Free Agent",23,34,5,,7.92,46.9,57.1,457,62.4,63.7,70,8,71.9,7.1,4.8,4.4,0,2.5,0.8,0.4,0.5,0.5
"Cooper Trembath",NTH,FWD,"Free Agent",20,13,2,,34.02,54,57,570,45.2,41,47,10,79.4,5.1,3.4,4.4,5,2.1,0.6,0.4,1.4,0.5
"Liam Henry",STK,FWD,iWalshMyslfwthATonInMyMid,24,64,7,,47.27,58.9,57,171,57,57,29,3,59.7,8,4.3,3.7,0,1,0.7,0,1.3,0.7
"Ned Reeves",HAW,RUC,"Jags to riches",27,52,8,271.8,61.89,63.8,57,513,54.4,49.7,37,9,55.4,4.1,3.9,1,25,2.2,1,1.3,0.4,0.3
"Elijah Hollands",CAR,MID/FWD,"Kids can call you Bont-ju",24,47,6,197.7,34.29,68.1,56.8,341,55.6,52.3,3,6,74.8,8.8,6.7,2.8,0,1.3,1,1,0.8,0.2
"Lachie Cowan",CAR,DEF,"Free Agent",21,47,4,210.8,49.86,68.6,56.8,511,59.2,56,84,9,77.9,10,5,4.2,0,1.6,0.2,0.8,0,0
"Zach Reid",ESS,DEF,"Free Agent",24,29,6,157.6,63.80,75.8,56.8,568,51,48,54,10,84.6,8.6,4.4,6,0,1.4,0.7,0.7,0,0
"Jacob Weitering",CAR,DEF,"Free Agent",28,213,11,261.7,30.74,62.3,56.7,510,59.2,50,50,9,91,9.1,4.2,6.2,0.2,0.8,0.6,0.6,0,0
"Sam Banks",RIC,DEF,"Banks' Palm Cards",23,49,5,81.7,82.92,84.5,56.7,340,50.8,44.3,1,6,66.2,9.8,6.5,3,0,1.5,0.2,0.7,0.2,0
"Sam De Koning",GEE,DEF,"Free Agent",25,94,7,246.5,37.84,57,56.6,509,54.8,49.3,40,9,72.7,6.1,7,4.9,3.9,1.6,0.4,0.6,0.1,0
"Ewan Mackinlay",PTA,MID/FWD,"Free Agent",22,11,2,310.4,29.37,66.2,56.5,565,57.4,55.3,52,10,75.6,7.6,4.4,3.1,0,3.1,0.5,0.2,0.5,0.3
"Charlie Curnow",SYD,FWD,"Baz’s 8-balls",29,158,11,107.3,87.43,73.9,56.4,508,55.4,59.3,27,9,83.9,8.3,2,4.1,0,0.6,1.6,1.6,2.3,2
"Xavier O'Halloran",GWS,MID/FWD,"Free Agent",25,98,8,,21.72,56.7,56.4,451,57.8,53.7,58,8,73.5,8.4,6.9,2.9,0,2,0.3,0.5,0.3,0.6
"Bailey Laurie",MEL,FWD,"Free Agent",24,18,6,,3.83,44.9,56.3,338,59.8,67,82,6,66.3,7.3,7.3,2.5,0,2.3,0.3,0.3,0.5,0.5
"Dougal Howard",STK,DEF,"Free Agent",30,143,12,,4.23,54.6,56.2,281,56.2,53.3,53,5,85,10.6,2,7.4,0,0.2,0.4,1,0,0
"Francis Evans",CAR,FWD,"Free Agent",24,52,7,,12.43,56.8,56,448,55.8,58,59,8,75.3,7.1,5.9,2.3,0,3.8,0.6,1.1,0.5,0.9
"Will Brodie",PTA,MID,"Free Agent",27,55,10,224.2,31.56,66.8,56,56,56,56,56,1,42,4,14,2,0,3,1,1,0,0
"Will Lorenz",PTA,MID,"Free Agent",21,9,3,,15.98,56.2,56,56,56,56,56,1,76,5,11,4,0,2,1,1,0,1
"Judd McVee",FRE,DEF,"Free Agent",22,74,5,248.2,45.22,58.4,55.9,503,55,53,50,9,80.3,9.6,6.1,4.2,0,0.8,0.2,0.3,0,0
"Miles Bergman",PTA,DEF/MID,"Prince McAndrew",24,110,7,74.8,85.25,80,55.8,446,59.4,59.7,17,8,73.8,8.9,4.4,5.3,0,1.1,0.6,1,0.4,0.3
"Oliver Henry",GEE,FWD,"Free Agent",23,94,6,,5.46,45.6,55.8,502,59.2,73.7,74,9,82.3,7.8,3.2,2.8,0,1.7,1.3,0.6,1.8,0.7
"Cooper Sharman",STK,FWD,"Free Agent",25,80,6,294.1,35.38,64.5,55.7,557,65.2,59.3,45,10,83.4,6.8,4.1,4.5,0.3,1.3,0.4,0.4,1.3,1.1
"Joel Amartey",SYD,FWD,"Free Agent",26,71,9,,13.52,55.6,55.7,557,50.6,52,32,10,74.6,5.5,3,3.9,1.3,1.9,1,0.7,2.1,1.1
"Hamish Davis",WCE,MID,"Free Agent",20,18,2,,24.73,63.3,55.4,554,49.6,51,62,10,80.2,7.4,7.2,3.6,0,2.1,0.5,0.5,0.1,0
"Michael Sellwood",WBD,DEF,"Free Agent",22,10,2,,18.99,52.8,55.4,554,59.4,57.3,53,10,80.9,8.1,4.9,4.4,0,2.5,1.1,1,0,0
"Charlie Comben",NTH,DEF,"Free Agent",24,57,7,,23.77,52.6,55.3,498,47.8,45.7,50,9,93.6,7.3,4.8,6.1,0,1.9,0.9,1.2,0.1,0
"Rhylee West",WBD,FWD,"Free Agent",25,91,8,267.1,36.48,65.7,55.1,551,55.8,58.7,45,10,79.4,6.8,6.7,2.8,0,2.6,0.8,1.1,0.7,0.8
"Roan Steele",COL,MID,"Free Agent",24,15,2,,16.80,55.5,55.1,551,61.6,54.3,71,10,79.7,7.4,6.3,3.2,0,1.6,0.4,0.2,0.7,0.3
"Lachlan Bramble",WBD,DEF/MID,"Free Agent",28,87,6,327.8,28.69,67.4,54.8,548,55.8,56,78,10,79.5,8.2,6.5,3.1,0,1.5,0.2,0.3,0.4,0.2
"Daniel McStay",COL,FWD,"Free Agent",30,208,13,,4.10,55.6,54.6,546,55,56.7,69,10,78.8,5.7,3,4.6,0.8,2,0.4,0.8,1.7,0.7
"Billy Wilson",CAR,DEF,"Free Agent",20,6,3,,18.44,53.6,54.5,109,54.5,54.5,78,2,60.5,7.5,7,5,0,1.5,0,1,0,0
"Hugh Boxshall",STK,MID,"Free Agent",19,16,2,246.2,47.54,66.2,54.4,272,54.4,53.7,38,5,71.4,6.4,5,2.6,0,4.6,0.8,0.8,0,0.6
"Nathan Broad",RIC,DEF,"Free Agent",33,179,11,,9.56,59,54.4,490,54.8,53.7,53,9,78.6,8.8,4.6,5.8,0,0.4,0.6,0.2,0,0
"Rory Lobb",WBD,DEF,"Free Agent",33,206,13,,9.43,55.2,54.3,380,55.4,53.7,67,7,91.3,8.3,2.1,4.4,7,1.3,0.4,0.3,0,0.1
"Toby Bedford",GWS,MID/FWD,"Free Agent",25,89,8,,20.22,57.9,54.2,325,50,56.7,67,6,75.8,5.5,6,2,0,3.8,0.7,0.7,0.8,0.7
"Brayden Fiorini",ESS,MID,"Free Agent",28,125,11,123.6,57.79,84.7,54,108,54,54,34,2,81.5,6,9,3,0,0.5,0.5,0,1,0.5
"Harrison Oliver",GWS,DEF,"Free Agent",19,1,2,,22.27,52.3,54,54,54,54,54,1,68,9,4,1,0,3,4,2,1,0
"Nick Bryan",ESS,RUC,"Kids can call you Bont-ju",24,25,7,202.1,76.09,57.8,54,108,54,54,50,2,56.5,6.5,5,2,15,2,1.5,2,0,0
"Taylor Walker",ADE,FWD,"Free Agent",36,308,19,,16.80,57.9,53.9,377,47.4,37.3,0,7,69.3,6.6,3,4.4,0,1.9,0.7,1.1,1.6,0.7
"Archer Day-Wicks",ESS,MID/FWD,"Free Agent",20,13,2,,9.29,50.9,53.8,430,51.6,44.3,52,8,79.8,5.9,6,2.4,0,4.1,1,1,0.4,0.3
"Leonardo Lombard",GCS,FWD,"Free Agent",19,14,2,198.9,68.44,64,53.7,537,56,64.3,62,10,79.5,6,7.7,3.4,0,2.2,0.2,1.2,0.6,1.1
"Oskar Baker",WBD,D/M/F,"Free Agent",27,57,9,,16.39,62,53.7,483,46.4,50.7,56,9,67.2,7.4,5,4.9,0,0.9,0.2,1.1,1,0.2
"Corey Durdin",PTA,FWD,"Free Agent",24,74,6,,3.14,46.7,53.5,535,57.8,55,53,10,78.4,6.1,2,3.7,0,2.6,0.5,0.4,1.6,0.8
"Reuben Ginbey",WCE,DEF,"Free Agent",21,73,4,290.9,36.48,58.3,53.5,535,61.8,60.7,67,10,91.2,7.7,4.6,4.3,0,2.1,0.8,0.3,0,0
"Jack Higgins",STK,FWD,"Free Agent",27,153,9,,15.57,58,53.3,426,53.8,58,37,8,79.8,5.6,4,2.4,0,1.8,1.1,0.1,2.1,0.8
"Oscar McDonald",FRE,DEF,"Free Agent",30,97,11,,1.37,49,53.3,160,53.3,53.3,57,3,90.7,7.7,4.7,3.7,0,2.3,1.7,0.3,0,0
"Matthew Johnson",FRE,MID,"Free Agent",23,65,5,207.5,56.83,73.1,53.1,531,46.6,40.3,83,10,74,6.7,8.6,1.9,0,2.9,0.2,1.2,0.3,0.1
"Billy Frampton",COL,DEF,"Free Agent",29,84,12,,4.78,40.8,53,530,53.2,40.7,38,10,95.5,7.9,4.2,6.4,0,1.1,0.9,1.2,0,0
"Charlie Edwards",ADE,DEF/MID,"Free Agent",20,2,3,,26.64,55.8,53,106,53,53,46,2,73,10,5,3,0,2,0,1.5,0,0.5
"Daniel Annable",BRL,MID,"Baz’s 8-balls",19,1,1,134.8,81.15,72.4,53,53,53,53,53,1,60,10,3,4,0,1,1,0,0,0
"Darcy Fogarty",ADE,FWD,"Free Agent",26,130,9,,18.44,60.1,53,212,53,55.3,65,4,76.8,6.3,3,4.3,0,2.3,0.3,1.3,1.5,1
"Darragh Joyce",BRL,DEF,"Free Agent",29,26,10,,0.82,42.4,53,106,53,53,56,2,88.5,9.5,1.5,6.5,0,0.5,0,0,0,0
"Tom Anastasopoulos",PTA,FWD,"Free Agent",20,1,3,,4.64,48.7,53,53,53,53,53,1,78,8,8,3,0,1,0,0,0,0
"Jamie Elliott",COL,FWD,"Free Agent",33,229,15,,22.95,64.1,52.9,529,61.6,57.7,58,10,83,6.5,5.5,3.4,0,1.2,0.5,0.7,1.4,0.6
"Tylar Young",WCE,DEF,"Free Agent",27,45,4,,6.42,54,52.9,529,62.2,64.3,68,10,86.4,9.9,3.1,5.6,0,0.5,0.6,0.8,0,0
"Jedd Busslinger",WBD,DEF,"Free Agent",22,11,4,,20.22,45.2,52.8,211,52.8,47.3,42,4,95.5,10.3,4.3,5.5,0,0.5,1,2,0,0
"Malcolm Rosas",SYD,FWD,"Free Agent",24,58,7,,9.43,45.2,52.6,473,61,64.3,56,9,73.9,6.6,4.2,1.4,0,3,0.2,0.3,1.4,0.2
"Arty Jones",WBD,MID/FWD,"Free Agent",22,23,5,,10.79,43,52.4,262,52.4,56.3,50,5,67.4,5,7.6,3.2,0,1.8,1.2,1,1,1.2
"Jack Watkins",PTA,MID,"Free Agent",25,8,1,,17.90,55.6,52.4,419,40.8,47.3,48,8,61.9,7.9,5,2.8,0,2.4,0.3,0.5,0.4,0
"Steely Green",RIC,FWD,"Free Agent",22,34,4,,5.46,38.9,52.3,523,46.4,53.7,44,10,83.6,6.3,4.1,2.9,0,2.8,0.6,0.6,1,0.5
"Conor McKenna",BRL,FWD,"Free Agent",30,132,10,,3.55,58,52,208,52,53.7,57,4,71.5,9.8,1.8,2.8,0,1.3,1,1,1.3,0.5
"Josh Gibcus",RIC,DEF,"Free Agent",23,22,5,,11.61,43,52,52,52,52,52,1,76,6,3,4,0,4,0,0,0,0
"Nick Holman",GCS,MID/FWD,"Free Agent",30,148,11,,1.64,44.5,52,52,52,52,52,1,83,7,9,3,0,3,1,3,0,0
"Sam Cumming",RIC,MID/FWD,"Baz’s 8-balls",18,4,1,170.3,83.20,66.2,52,208,52,50,35,4,72.3,6.8,7.5,1.8,0,2.5,0.5,0.8,0.5,0.3
"Oscar Allen",BRL,FWD,"Free Agent",27,112,9,241.2,34.29,63.7,51.9,363,58.4,49,38,7,77.1,7,1.6,4,1.4,1.1,1,0.9,1.7,1
"Patrick Voss",FRE,FWD,"Free Agent",22,37,5,,17.35,54,51.9,519,43.4,50.7,85,10,77.4,5.9,3.8,3,0,3,0.9,1.5,1.3,1.4
"Will Graham",GCS,MID/FWD,"Free Agent",20,35,3,301.4,39.75,58.9,51.9,519,42.6,39,28,10,72.9,5.1,6.9,2.7,0,3.4,1.1,1.1,0.5,0.3
"Ben King",GCS,FWD,"Free Agent",25,130,8,272.6,25.82,52.3,51.8,518,47.4,46.7,24,10,88.5,5.8,1.8,3.6,0.2,0.2,0.8,0.8,3.3,0.8
"Brady Hough",WCE,DEF/MID,"Free Agent",23,85,5,232.9,46.45,65.3,51.8,518,47.6,43,22,10,80.3,6.7,5.1,4.9,0,2,0.4,0.6,0,0.2
"Calsher Dear",HAW,FWD,"Free Agent",20,30,3,,17.90,51.4,51.8,207,51.8,43.7,43,4,75.5,5.5,3.5,3.8,0,3,1,0.5,0.8,1
"Dane Rampe",SYD,DEF,"Free Agent",35,280,14,,2.73,52.3,51.8,414,54.8,56,61,8,77.1,7.5,8,2.4,0,1.6,0.8,0.4,0,0
"Mabior Chol",HAW,FWD,"Free Agent",29,113,11,,9.70,59.2,51.8,259,51.8,42.7,7,5,60.6,6.8,1.6,4,1.2,1.6,0.8,0.8,1.4,1.8
"Flynn Perez",HAW,DEF,"Free Agent",24,27,5,,3.83,45.2,51.7,155,51.7,51.7,51,3,72,5.7,6,1.7,0,4.3,1.3,0.3,0,0
"Sam Davidson",WBD,MID,"Free Agent",24,28,2,246.8,39.75,69.8,51.7,465,57.6,55,61,9,75.8,7.8,3.6,3.4,0,2.3,0.4,0.4,0.3,0.4
"Mason Cox",FRE,RUC/FWD,"Free Agent",35,144,12,,25.41,50.4,51.6,258,51.6,54.3,48,5,58.4,5.2,2.2,2.6,14.8,2,1,1,0.4,0.6
"Jackson Mead",PTA,MID,"Free Agent",24,66,7,,11.34,55.3,51,102,51,51,47,2,80.5,10.5,3.5,5,0,0.5,0,1.5,0,0
"Josh Lai",PTA,DEF/MID,"Free Agent",20,7,2,,7.24,56.2,51,357,50.4,64,66,7,74.6,8.1,3.9,4.9,0,1.3,0.9,0.6,0,0
"Ben Long",GCS,FWD,"Free Agent",28,144,10,,14.07,60.6,50.7,456,54.4,44.7,38,9,81.7,6,5,2.4,0,2.9,0,1.3,1.2,0.4
"Tom Lynch",RIC,FWD,"Free Agent",33,242,16,,7.10,50.3,50.7,304,45.6,54.7,32,6,74.5,6.7,2.8,3.3,0.3,1.5,1.3,1.2,1.5,1.8
"Jack Hutchinson",WCE,MID,"Free Agent",24,25,3,,6.97,56,50.5,101,50.5,50.5,55,2,68,5,2,1.5,0,5,1,1,1.5,0
"Logan McDonald",SYD,FWD,"Free Agent",24,80,6,,16.80,57.2,50.5,505,43.2,47,42,10,70.8,5,3.6,3.6,1.8,1.4,0.5,0.4,1.7,0.6
"Jesse Hogan",GWS,FWD,"Free Agent",31,188,13,227.4,50.82,66.4,50.3,352,50.6,61.3,50,7,85.1,6.1,2.6,4.6,0,0.9,0.7,0.3,1.4,1.1
"Jade Gresham",ESS,FWD,"Free Agent",28,182,11,,5.19,55.3,50,250,50,49,28,5,76.2,6,4.4,2.4,0,2.4,1,0.8,1.2,0.6
"Wil Dawson",NTH,DEF,"Free Agent",20,10,3,,2.60,45.3,50,100,50,50,41,2,38.5,3.5,3.5,1.5,16,3,1.5,0.5,0,0
"Brody Mihocek",MEL,FWD,"Free Agent",33,167,9,,6.01,56.2,49.8,398,43,46,11,8,73.5,6.4,1.8,4.4,0.8,1,0.5,0.6,1.6,0.9
"Luke Pedlar",ADE,FWD,"Free Agent",24,48,6,,14.75,54.5,49.7,447,62.4,61.7,69,9,70.9,6.3,3.8,3.1,0,2.2,0.9,0.2,0.7,0.7
"Jai Culley",MEL,MID/FWD,"Free Agent",23,23,5,243.7,25.27,64.3,49.6,347,49.8,46.7,24,7,70.1,6.4,5.9,3,0,2.1,0.6,0.3,0.1,0.4
"James Leake",GWS,DEF/FWD,"Free Agent",20,8,3,,27.05,39.2,49.6,248,49.6,45,55,5,72.8,6.4,6.6,3.2,0,2.2,0,0.4,0,0
"Jack Buckley",GWS,DEF,"Free Agent",28,93,9,,10.52,56.5,49.3,394,44.2,40.3,49,8,90.4,8.1,4.3,4.1,0,1.5,1,1,0,0
"Tom Brown",RIC,DEF,"Free Agent",22,49,5,,35.25,57.9,49.3,345,56.6,65.3,3,7,67.7,9.6,3.4,4,0,1,0.3,0.9,0,0
"Nick Murray",ADE,DEF,"Free Agent",25,75,6,,6.15,40.6,49.1,393,40,46.3,33,8,92.8,7.9,3.5,3.9,0,2,0.4,1,0.3,0
"Adam Saad",CAR,DEF,"Free Agent",31,219,12,307.6,21.58,66.3,49,147,49,49,51,3,75,9,5.3,2.3,0,1.3,0,0.3,0,0
"Daniel Curtin",ADE,MID,"Jags to riches",21,35,3,120.3,90.16,76.5,49,147,49,49,43,3,81,6.7,3.7,4.7,0,1.3,0.7,0.3,0.3,0.7
"Isaac Keeler",STK,FWD,"Free Agent",22,12,4,,2.05,38.9,49,49,49,49,49,1,49,6,4,3,3,1,1,0,1,0
"Matthew Owies",WCE,FWD,"Free Agent",29,91,8,,1.78,46.9,49,147,49,49,65,3,74.7,6,2,3.3,0,3.3,1,0.7,0.7,0.7
"Mykelti Lefau",RIC,FWD,"Free Agent",27,19,3,,1.91,44.7,49,392,54.4,55.3,53,8,85.5,4,3.3,3.3,2.1,3.1,1,0.8,1.1,0.6
"Noah Roberts-Thomson",RIC,MID,"Free Agent",19,1,1,,11.07,55.4,49,49,49,49,49,1,73,5,3,1,0,3,1,0,2,0
"Tom Cole",WCE,DEF,"Free Agent",28,135,11,,12.02,65.8,49,196,49,49.7,41,4,79,6.5,3.8,5.5,0,1.3,0.3,0.5,0.3,0.3
"Jed Walter",GCS,FWD,"Free Agent",20,35,3,,21.58,42.9,48.6,243,48.6,45.3,60,5,65.8,6.4,2.4,3.6,1.4,0.8,1.2,1.2,1.8,0.8
"Finn Maginness",HAW,FWD,"Free Agent",25,62,7,,8.74,51.4,48.5,194,48.5,56.3,35,4,73.3,4.3,10.5,2,0,1.8,0.8,0.8,0.5,0.3
"Jamie Cripps",WCE,FWD,"Free Agent",34,277,16,,4.92,59,48.4,242,48.4,44,51,5,79.6,6.2,4,3.4,0,1.8,0.4,0.6,0.8,1
"Lachie Jones",PTA,DEF,"Free Agent",24,83,6,,4.10,46.4,48.3,435,44.6,46.7,14,9,76.7,7.4,3.7,4,0,1.6,0.8,0.6,0.2,0
"Toby Pink",NTH,DEF,"Free Agent",27,37,6,,1.78,44.1,48.2,241,48.2,47.3,48,5,90.8,7.6,4.6,5,0,0.8,0.4,0.8,0,0
"Lachlan Smith",WBD,RUC,"Free Agent",20,2,3,,10.66,46.3,48,96,48,48,38,2,58.5,2.5,5.5,1,12,4,1.5,1,0,0
"Liam Reidy",CAR,RUC/FWD,"JD Vyvance",25,6,4,195.6,44.40,65.9,48,144,48,48,29,3,63.3,3.3,5.3,1,15.7,2.7,0.7,1,0,0.3
"Tom Edwards",ESS,FWD,"Free Agent",25,7,2,,2.05,48.4,48,240,48,42.3,42,5,73.6,6.4,2.6,2.8,0,1.8,0.8,0.6,1.4,0.6
"Tim Membrey",COL,FWD,"Free Agent",31,209,14,,3.69,53.1,47.9,335,56.2,52.7,34,7,82,5.3,4.1,4.4,0,0.9,0.1,0.6,1.3,0.9
"Josh Dolan",WBD,FWD,"Free Agent",19,15,2,,4.23,35.7,47.8,191,47.8,44,31,4,70.5,5,6.5,3,0,1.5,0.3,0.3,0.8,0.8
"James Borlase",ADE,DEF,"Free Agent",23,21,6,,1.91,47.6,47.6,238,47.6,59.3,72,5,91.2,7.4,2.8,4.4,0,1.6,0.6,0.2,0,0.2
"Jobe Shanahan",WCE,FWD,"Free Agent",19,19,2,,19.67,51.5,47.6,476,36.2,33.7,49,10,88.4,6,2.9,4.7,0,0.8,0.6,0.2,1,0.5
"Lachlan Gulbin",GCS,FWD,"Free Agent",19,6,2,,10.52,56.5,47.6,238,47.6,40.3,41,5,74.6,4.8,5.6,2.8,0,2.8,0.4,0.2,0.4,0.2
"Ethan Read",GCS,FWD,"Free Agent",20,34,3,257.1,49.18,51.4,47.4,427,35.4,29.3,8,9,74.4,5.8,4.4,3.3,2,1.4,1.1,1.4,1,0.7
"Hugh Bond",ADE,DEF,"Free Agent",21,19,4,,3.83,31.3,47.4,332,45.6,46,45,7,83.4,7.6,3.4,3.1,0,2.4,0.3,0.6,0,0.1
"Buku Khamis",WBD,DEF/FWD,"Free Agent",26,51,8,,12.57,48.9,47.3,473,47.6,56.3,55,10,95.9,7.4,4,4.7,0,1.2,0.6,0.8,0,0
"Bo Allan",WCE,DEF/MID,"Free Agent",20,13,2,290.8,43.58,62,47,329,45,44.7,32,7,80,7.4,5.9,3.1,0,1.3,0.4,1.3,0.3,0.1
"Dyson Sharp",ESS,MID,"Free Agent",18,5,1,128.5,80.19,72.8,47,235,47,56.3,56,5,58,5.4,6,3.2,0,1.8,0.8,0.4,0.4,0
"Laitham Vandermeer",WBD,FWD,"Free Agent",27,88,8,,1.91,53.1,47,47,47,47,47,1,50,7,5,3,0,1,0,1,1,0
"Patrick Dangerfield",GEE,FWD,"Free Agent",36,366,19,251.8,45.22,67.8,47,282,51.6,50.7,42,6,68.2,5.5,6,2.8,0,1,1.3,1.3,1.3,0.7
"Sam Switkowski",FRE,FWD,"Free Agent",29,115,9,,9.84,58.7,46.9,469,48.6,47.3,45,10,72.2,4.1,6.9,2.1,0,2.8,0.4,0.2,0.5,0.5
"Harrison Petty",MEL,DEF/FWD,"Free Agent",26,110,9,,3.01,49.6,46.8,421,56.6,65.3,80,9,85.9,5.9,3.8,4.6,2,1.7,0.6,1.2,0.3,0.3
"Jack Whitlock",PTA,FWD,"Free Agent",20,14,2,,8.47,45.6,46.8,468,44.6,46,39,10,80.2,5,3.6,3.9,1.9,1.1,0.5,0.5,1.1,1
"James Tunstill",BRL,MID,"Free Agent",22,15,5,,6.83,56,46.8,187,46.8,40.3,29,4,72,6.5,5,4.8,0,0.3,0,0,0.3,0.5
"Ed Allan",COL,MID,"Prince McAndrew",21,20,4,266.9,35.25,60.4,46.6,233,46.6,53,59,5,64.6,5,6.8,2.2,0,3.6,0.4,1.2,0,0.2
"Zane Zakostelsky",BRL,DEF/RUC,"Free Agent",20,3,3,,13.52,42.4,46.3,139,46.3,46.3,36,3,55,5.3,2,4,6.7,1.7,1,0.7,0.3,0
"Oscar Steene",COL,RUC/FWD,"Banks' Palm Cards",22,8,4,,51.23,45.7,45.9,367,48.8,44.3,37,8,59.9,2.9,5.5,2.3,11.4,1.5,1.8,0.9,0.5,0
"Hugo Ralphsmith",RIC,MID,"Free Agent",24,67,7,,6.56,57.8,45.8,229,45.8,44,45,5,87.6,7.4,6.8,2.4,0,0.6,0.2,0.8,0.4,0.2
"Isaac Kako",ESS,FWD,"Free Agent",20,29,2,274.1,35.38,50.6,45.8,275,44,53.7,30,6,80.7,5.8,6.2,1.8,0,1.3,0.5,1,1.2,0.7
"Isaiah Dudley",FRE,FWD,"Free Agent",23,26,2,,5.60,48.9,45.8,458,34.2,37.3,53,10,70.3,5.1,3.6,1.5,0,3,0.8,0.8,1.3,0.6
"Ashton Moir",CAR,FWD,"Free Agent",21,13,3,,6.01,45,45.5,91,45.5,45.5,32,2,73.5,5,3.5,2.5,0,2,0.5,0.5,1.5,0
"Cooper Hynes",WBD,FWD,"Free Agent",20,16,2,,22.81,40.8,45.5,364,50.8,44,40,8,70.8,4.5,6,1.6,0,3.4,0.3,0.6,0.5,0.3
"Matthew Cottrell",CAR,MID/FWD,"Free Agent",26,76,8,,11.20,63.1,45.5,91,45.5,45.5,54,2,79,7,4,2.5,0,2,1,0,0,0
"Jake Kolodjashnij",GEE,DEF,"Free Agent",30,202,13,,1.64,54.6,45.3,181,45.3,46.7,40,4,75.3,6.8,5.3,4.5,0,0.8,0.3,1.3,0.3,0
"Harry Schoenberg",WCE,MID/FWD,"Free Agent",25,67,7,311.2,18.03,62.4,45.2,226,45.2,51,39,5,77.6,6.6,5.4,2.4,0,1.8,0.2,0.6,0.2,0.6
"Jhye Clark",GEE,MID/FWD,"Free Agent",21,29,4,301.6,28.14,58.6,45,135,45,45,61,3,62,6,5.7,1.7,0,2.3,1,1.3,0.7,0.3
"Noah Answerth",BRL,DEF,"Free Agent",26,91,8,,3.42,57.1,45,135,45,45,63,3,71,8.3,2.7,4,0,1.7,0,1.3,0,0
"Sean Darcy",FRE,RUC,"Free Agent",27,132,10,188.3,56.97,72,45,225,45,46.3,17,5,44.4,2.6,4.6,1.4,18.6,1.8,0.8,1.4,0.2,0.2
"Dante Visentini",PTA,RUC,"The Forrie Crystals",23,20,5,234.0,54.78,57.6,44.7,268,40,31.3,14,6,69.5,2.8,2.7,1.3,17.3,3.2,1.3,1.8,0.2,0
"Samson Ryan",RIC,RUC,"Free Agent",25,28,6,,13.66,46,44.7,134,44.7,44.7,10,3,68,4,4.3,1.7,16.3,1.7,2,2,0,0
"Zeke Uwland",GCS,DEF/MID,"Naughty Dog Entertainment",19,8,1,112.8,84.43,68.2,44.6,357,50,45.3,49,8,68.1,7,5.1,2.6,0,1,0.6,0.9,0.5,0.5
"Aidan Corr",NTH,DEF,"Free Agent",32,178,14,,1.78,52.3,44,264,48.4,50.3,46,6,73.7,6.5,5.2,4,0,1.5,0.2,1.3,0,0
"Charlie Spargo",NTH,MID/FWD,"Free Agent",26,114,9,,2.73,48.7,44,264,48.4,45.7,62,6,66,5.2,5.7,2.5,0,1.8,0.3,0.7,0.7,0
"Cooper Duff-Tytler",WCE,RUC/FWD,"Baz’s 8-balls",18,9,1,135.3,80.33,58.9,43.8,394,43.8,51.3,52,9,71.7,4.4,4.8,1.6,3.1,2.9,1.2,0.8,0.3,0.7
"Mitch Edwards",GEE,RUC,"Naughty Dog Entertainment",20,8,3,,38.66,46.2,43.8,350,44.8,37.7,57,8,59.4,3,5.3,0.4,19.5,1.9,1.6,1.9,0,0.1
"Jack Henry",GEE,DEF,"Free Agent",27,170,10,,9.43,59.3,43.7,262,43.4,36,15,6,87.2,7,3.2,4.8,0,0.8,0.5,1,0.2,0
"Jack Dalton",HAW,MID,"Free Agent",19,2,1,274.5,45.22,59,43.5,87,43.5,43.5,57,2,60.5,4,6,2,0,3.5,0,0.5,0,1
"Lachlan McNeil",WBD,FWD,"Free Agent",24,78,6,,0.96,48.2,43.5,174,43.5,51.3,44,4,71.5,3.3,7.3,1.5,0,3,1,0.5,0.5,0.3
"Matt Jefferson",MEL,FWD,"Free Agent",22,12,4,,1.50,36.9,43.4,217,43.4,45.3,67,5,83.8,5,4,3.4,0,1,0.8,0.8,1.2,0.6
"Liam O'Connell",STK,DEF,"Free Agent",23,10,3,,0.82,40.5,43.3,130,43.3,43.3,36,3,75.7,6.3,3.3,3.3,0,2.7,1,1.3,0,0
"Max Heath",MEL,RUC/FWD,"Banks' Palm Cards",23,9,6,281.0,49.18,50.8,43.2,216,43.2,50,33,5,40,3,4,1.2,15.8,1.6,1.2,0.8,0.2,0.4
"Chayce Jones",ADE,DEF/MID,"Free Agent",26,100,8,,5.46,59.8,43,129,43,43,23,3,85,6.3,5.3,2.3,0,1.7,0.7,0.3,0,0
"Esava Ratugolea",PTA,DEF,"Free Agent",27,115,10,,2.87,49.7,43,172,43,48.7,46,4,77.8,7,3.5,5,0,0.5,0.3,0.8,0,0
"Mitch Knevitt",GEE,MID,"Free Agent",23,22,5,308.0,21.72,65.9,43,43,43,43,43,1,77,6,5,3,0,0,2,1,1,1
"Billy Cootee",SYD,MID/FWD,"Free Agent",23,4,1,,18.72,56.5,42.5,170,42.5,44,43,4,64,4,4.3,2,0,3.8,0.5,1,0.5,0.5
"Joel Hamling",SYD,DEF,"Free Agent",33,107,15,,0.96,32,42.5,85,42.5,42.5,31,2,94.5,5,6.5,3,0,1.5,1,0.5,0,0
"Luke Nankervis",ADE,MID,"Free Agent",22,35,5,,16.53,56.6,42.5,170,42.5,44.3,45,4,62.8,6,5.8,1.8,0,1.8,0.5,1,0.5,0.3
"Finnbar Maley",ADE,FWD,"Free Agent",22,12,3,,2.87,45.6,42.4,212,42.4,38.3,21,5,62.2,3.2,3.8,3,5.6,2.4,0.6,1.2,0.6,0.4
"Bodie Ryan",HAW,DEF,"Free Agent",21,2,3,,4.23,52.4,42,84,42,42,61,2,74.5,8,3,3.5,0,1.5,0,1.5,0,0
"Will Edwards",SYD,DEF,"Free Agent",23,4,4,,5.46,52.4,42,168,42,40,53,4,85.5,5.3,6,4.3,0,1.3,1.8,1.8,0,0
"Tom Barrass",HAW,DEF,"Free Agent",30,184,13,,6.42,44.8,41.9,377,37.8,25.3,2,9,77.3,6.3,3.4,4.6,0,1,0.7,1,0.1,0
"Liam Ryan",STK,FWD,"Free Agent",29,132,9,,6.56,59.6,41.7,292,42.8,46,46,7,70.4,6.1,1.7,2.1,0,0.9,1.1,0.7,1.6,1.6
"Max Kondogiannis",ESS,DEF,"Free Agent",18,3,1,,7.38,52.5,41.7,125,41.7,41.7,44,3,74,4.3,9,2.7,0,1.3,0.3,1,0,0
"Will Lewis",WBD,FWD,"Free Agent",27,6,1,,0.82,43,41.7,250,45.6,50.3,48,6,74.8,4.7,4.3,2.5,0.3,1.8,1.7,1.5,1,0.7
"Jordon Butts",ADE,DEF,"Free Agent",26,92,8,,3.28,33.4,41.6,291,34.2,26.7,20,7,87,6.7,4.6,4.3,0,0.6,0.4,1.4,0.1,0.1
"Griffin Logue",NTH,DEF,"Free Agent",28,105,10,,3.01,47.5,41.4,331,40.2,38,21,8,77,5.5,5.1,4.3,0,1,0.1,0.8,0,0
"Charlie Ballard",GCS,DEF,"Free Agent",26,138,9,,3.55,51,40.8,163,40.8,32.7,29,4,73.5,6.5,3.5,4,0,0.8,0.8,0.5,0,0
"Lachlan Blakiston",ESS,DEF/RUC,"Lachie’s Flesh Clarrynet",27,21,2,222.7,38.39,54.4,40.8,408,34.6,33,11,10,83.5,4.3,4.4,1.7,10,1.9,1.1,2,0.2,0.1
"Oliver Hayes-Brown",RIC,RUC,"Free Agent",26,4,3,,12.30,45.1,40.8,163,40.8,39,49,4,54.8,2.8,7.5,1,12.3,0.8,2.3,1,0,0
"Darcy Gardiner",BRL,DEF,"Free Agent",30,186,13,,0.96,41.3,40.7,122,40.7,40.7,35,3,79.7,7.7,3.7,5,0,0,0.3,1.7,0,0
"Jake Rogers",GCS,FWD,"Free Agent",21,23,3,,21.99,44.9,40.6,203,40.6,31,17,5,61.8,4.2,5.6,1.4,0,2.4,0.6,0.4,0.6,0
"Patty Cross",MEL,FWD,"Free Agent",23,4,1,,0.96,51,40.5,162,40.5,46,38,4,74.3,4.8,3,1.5,0,3,0.8,1,1,0
"Ty Gallop",BRL,DEF/FWD,"Free Agent",20,14,2,,5.87,46.5,40.5,324,44.4,46,39,8,81.6,6.9,1,4.4,0.1,1.5,0.6,0.8,0,0.3
"Jack Buller",COL,FWD,"Free Agent",25,15,4,,4.23,48.8,40.4,202,40.4,48.7,24,5,77.4,4.4,4,3.6,0.6,1.8,0.8,1.4,0.6,0.4
"Lewis Melican",SYD,DEF,"Free Agent",29,108,12,,0.96,43.7,40.4,283,42,48.3,60,7,80.3,5.4,4.6,3.1,0,1.4,0.6,0.3,0,0.1
"Oscar Adams",GCS,DEF,"Free Agent",22,15,4,,0.68,28,40.3,282,43.4,52.7,63,7,74.3,4,6.9,3.9,0,1,0.7,0.6,0,0
"Archie May",ESS,FWD,"Free Agent",21,15,2,,5.05,54.6,40.1,321,42,30,23,8,70.3,4.4,1,3.3,0.5,2.6,0.4,1.6,1.4,0.5
"Ben McKay",ESS,DEF,"Free Agent",28,112,11,,3.28,52.6,40.1,321,44.2,34,19,8,95,4.8,4.5,4.8,0,1,0.1,0.5,0,0
"Callum Coleman-Jones",NTH,RUC,"Free Agent",26,36,9,,6.97,50.3,40,160,40,45.3,66,4,52.5,4.3,5.3,1.5,11,1.8,0.3,2,0,0
"Jayden Nguyen",ESS,DEF,"Free Agent",19,10,2,,2.60,38.1,40,200,40,44,40,5,78.4,3.6,8,2.4,0,1.4,0.6,0.2,0,0.4
"Lewis Young",CAR,DEF,"Free Agent",27,87,10,,1.64,49.1,40,280,39.8,36,37,7,87.1,5.7,4.6,3.3,2,1.1,0.3,1,0,0
"Wade Derksen",CAR,DEF,"Free Agent",24,2,5,,7.92,54,40,80,40,40,34,2,86.5,7.5,3,4,0,1,0,1.5,0,0
"Harry Dean",CAR,DEF,"Free Agent",18,8,1,259.3,38.11,52.5,39.9,319,39.8,41.3,57,8,74.9,6.3,3.5,3.9,0,0.9,0.9,0.6,0,0
"Dan Butler",STK,FWD,"Free Agent",29,156,12,,1.23,46.2,39.6,198,39.6,36,25,5,63.4,5.6,3.2,1.2,0,2.8,0.4,0.8,0.6,0
"Elijah Hewett",WCE,MID/FWD,GuldenEye,21,38,4,203.8,56.42,65.2,39.3,157,39.3,30,21,4,72.5,4,6.5,2.3,0,2.5,0.3,1,0,0.3
"Jonty Faull",RIC,FWD,"Free Agent",20,25,2,,5.19,43.5,39.3,354,39.8,54,61,9,86.2,4.9,2.4,2.9,0.4,1.6,0.7,0.3,0.7,0.8
"Jake Melksham",MEL,FWD,"Free Agent",34,250,17,,1.50,52.1,39,78,39,39,16,2,78.5,4.5,3.5,3,0,0.5,0,1.5,2,0
"Brad Close",GEE,FWD,"Free Agent",27,135,7,,4.51,54.9,38.8,310,48,48.7,54,8,79,4.1,4.5,1.8,0,2,0.6,0.5,0.8,0.5
"Lachy Dovaston",NTH,FWD,"Free Agent",18,6,1,288.0,33.20,49.9,38.7,232,35.2,34.7,28,6,59.2,4.8,3.3,2.5,0,1.7,0.7,0.3,0.5,0.7
"Harvey Gallagher",WBD,DEF/MID,"Free Agent",22,28,4,,6.01,54.6,38.3,115,38.3,38.3,31,3,69.7,7.7,3.7,1.3,0,0,1.3,0.3,0.3,1.7
"Ollie Lord",PTA,FWD,"Free Agent",24,35,6,,1.37,38.6,38,38,38,38,38,1,79,4,3,1,7,2,1,0,0,1
"Zane Duursma",NTH,DEF/FWD,"Free Agent",20,33,3,304.3,34.02,44.9,38,380,37,44.3,27,10,65,4.4,2.4,2.4,0,1.1,0.4,0.4,1.4,0.8
"James O'Donnell",WBD,DEF,"Free Agent",23,54,4,,4.37,47.9,37.8,227,37.4,41.7,25,6,86.2,5.5,3.3,3.2,0.2,1.7,0.8,0.8,0,0
"Callum Ah Chee",ADE,FWD,"Free Agent",28,171,11,299.6,20.90,61.7,37.5,75,37.5,37.5,33,2,64.5,4.5,5.5,3.5,0,1,0.5,1,0,1
"Callum Brown",GWS,FWD,"Free Agent",25,69,8,,3.42,55.2,37.4,187,37.4,35.7,19,5,68.2,4.4,4,2,0.2,2.4,0.8,0.8,0.2,0.8
"Oliver Hannaford",GWS,MID/FWD,"Free Agent",19,5,2,,13.52,51.6,37.2,186,37.2,30.7,18,5,55.8,5.2,4,2.4,0,1.2,0.4,0.6,0.4,0.6
"Alex Pearce",FRE,DEF,"Free Agent",30,147,13,,3.01,46.1,37,333,39.2,36.7,30,9,78.8,4.6,3.9,3.9,0,1.4,0.4,0.8,0,0
"Charlie West",COL,FWD,"Free Agent",20,2,2,,3.69,40.7,37,37,37,37,37,1,72,6,3,4,0,0,1,2,1,0
"Lachie Sullivan",COL,FWD,"Free Agent",28,25,3,,1.78,47,37,37,37,37,37,1,73,5,6,1,0,0,0,0,1,1
"Louis Emmett",WBD,RUC,"Scissorlift Victims Unit",19,5,1,,20.90,45.3,37,185,37,33.3,35,5,54.4,2.8,4.2,1.8,6,2.6,1,1,0,0.4
"Alix Tauru",STK,DEF,"Free Agent",19,15,2,263.7,38.11,55,36.6,183,36.6,38.7,59,5,63,5,2.8,2.6,0,1.4,1,0.8,0.6,0.4
"Oliver Wiltshire",GEE,FWD,"Free Agent",23,6,3,,1.50,56.2,36.5,146,36.5,34,13,4,72.8,6,3.8,1.8,0,1,0.3,0.8,0.5,0.8
"Jamarra Ugle-Hagan",GCS,FWD,"Free Agent",24,70,6,200.2,52.73,60.7,36.3,109,36.3,36.3,17,3,66.7,5,0.7,2.7,0,0.7,1.3,0.3,1.3,1
"Corey Warner",SYD,MID/FWD,"Free Agent",22,27,5,,9.43,46.4,35.8,143,35.8,33.3,24,4,59.3,6.3,3.5,1.3,0,1.3,0.5,0.8,0.5,0
"Max Gruzewski",GWS,FWD,"Free Agent",21,17,4,,1.50,49.1,35.7,214,36.2,34,39,6,69.2,4.2,2,2.8,0,0.7,0.2,0.2,1.3,0.3
"Max Ramsden",HAW,FWD,"Free Agent",23,11,5,,4.23,57.8,35.5,71,35.5,35.5,43,2,79,3,6.5,3,0,0.5,0.5,0.5,0.5,0.5
"William McCabe",HAW,DEF,"Free Agent",20,1,3,,2.19,52.5,35,35,35,35,35,1,63,4,2,4,0,0,0,0,1,1
"Jordan Croft",WBD,FWD,"Free Agent",21,7,3,292.0,18.72,63.8,34.6,173,34.6,45.3,54,5,61.8,3.4,3.6,2,2.8,1.2,0.6,0.8,0.8,0.6
"Sandy Brock",WCE,DEF,"Free Agent",23,18,5,,1.91,46.2,34.5,138,34.5,33.3,35,4,81,5.5,3.3,3.8,0,0.8,0.3,1,0,0
"Malakai Champion",WCE,FWD,"Free Agent",20,7,2,,0.82,38.9,34.4,172,34.4,40,54,5,73,3.6,4.2,2.2,0,2.2,0.2,1,0.4,0.2
"Archer Reid",WCE,FWD,"Free Agent",20,20,3,,7.92,40.8,34.2,205,33,27.3,14,6,74.3,3.5,2.5,2.3,4,1.2,1,0.5,0.5,0.5
"Ben Jepson",GCS,MID,"Free Agent",24,2,2,,5.19,59.7,34,34,34,34,34,1,69,4,3,2,0,3,1,1,0,0
"Jack Williams",WCE,FWD,"Free Agent",22,44,5,,1.91,50.3,34,68,34,34,43,2,81.5,2.5,4,2,5.5,2,1,1,0,1
"Maurice Rioli",RIC,FWD,"Free Agent",23,55,6,,2.46,48.1,34,204,33.6,34.3,17,6,71.7,3.7,3.5,1.5,0,3,1.2,1,0.2,0.3
"Mitch Hinge",ADE,DEF,"Free Agent",27,90,10,248.5,46.45,70,34,34,34,34,34,1,37,6,4,1,0,1,1,0,0,0
"Nik Cox",ESS,MID,"Free Agent",24,56,6,,7.10,50.5,34,102,34,34,27,3,84.3,3.7,4.7,2.3,0.3,1,0.3,0,0.3,0
"Sam Marshall",BRL,MID,"Free Agent",20,12,2,225.3,54.78,66.3,34,34,34,34,34,1,71,5,7,1,0,1,1,1,0,0
"Zac Banch",NTH,FWD,"Free Agent",23,6,2,,0.82,44.1,34,68,34,34,21,2,58,4.5,3,1.5,0,2.5,1.5,2,0.5,1.5
"Liam Stocker",STK,DEF,"Free Agent",26,90,8,,3.42,48.6,33.8,203,31.8,27.3,48,6,76.2,4.2,5,2.8,0,1.3,0.5,1,0,0
"Jacob Konstanty",NTH,FWD,"Free Agent",21,27,4,,1.78,51.2,33.5,134,33.5,37,28,4,74,2.5,6.3,1.8,0,2,0.8,1.3,0.5,0.3
"Jy Farrar",GCS,FWD,"Free Agent",29,44,7,,3.69,63,33.5,67,33.5,33.5,39,2,63,3,4,2,0,2,0.5,0.5,0.5,0.5
"Jacob Newton",WCE,FWD,"Free Agent",20,5,2,,3.55,41.1,33.3,100,33.3,33.3,37,3,77,4,3,0.7,0,2.3,1,0,0.3,1
"Liam Fawcett",RIC,FWD,"Free Agent",21,5,3,,0.82,41.7,33,132,33,24.3,30,4,82.3,3.8,0.8,2.3,0,0.8,0.3,0.8,2,0.5
"Talor Byrne",CAR,MID/FWD,"Free Agent",18,5,1,,6.01,52.2,32.8,164,32.8,31,11,5,66.6,3.6,3.4,2.4,0,2,0.8,0.8,0.2,0.4
"Latrelle Pickett",MEL,FWD,"Free Agent",20,10,1,286.2,29.64,49.2,32.7,327,31.2,30.7,10,10,72.4,5.2,4.3,1.9,0,0.8,0.3,1.2,0.4,0.5
"William Hayes",COL,FWD,"Free Agent",20,7,2,,2.32,49.2,31.8,159,31.8,34,38,5,65.4,3.6,3.2,2,0,0.6,0.4,0.2,1,0.4
"Chris Scerri",FRE,MID/FWD,"Free Agent",19,5,1,,3.14,46.3,31.6,158,31.6,24.7,49,5,69.6,1.8,8.2,0.8,0,2,0.4,0.8,0.2,0.2
"Harvey Johnston",WCE,DEF,"Free Agent",20,8,3,,0.68,29.6,31,62,31,31,28,2,75,2,4,1,0,3,0.5,0.5,0.5,0
"Mitch Zadow",PTA,FWD,"Free Agent",22,1,1,,0.27,45.6,31,31,31,31,31,1,67,2,1,2,0,5,0,1,0,0
"Reilly O'Brien",ADE,RUC,"Free Agent",30,147,12,159.9,44.81,82.3,31,31,31,31,31,1,35,2,1,1,15,1,1,0,0,0
"Campbell Gray",RIC,DEF/RUC,"Baz’s 8-balls",22,12,3,,7.79,48.8,30.9,278,32.6,33,18,9,66.6,4.2,2.3,2.8,1.3,1.8,0.8,1.6,0.1,0
"Tom Burton",RIC,MID/FWD,"Free Agent",19,4,1,,8.47,60.3,30.8,123,30.8,28.7,17,4,79.8,4.8,6.5,0.8,0,0.5,0.3,0.5,0,0.5
"Brandon Walker",FRE,DEF,"Free Agent",23,67,6,,3.01,55.1,30,30,30,30,30,1,91,5,5,0,0,1,1,0,0,0
"Lachie Fogarty",CAR,FWD,"Free Agent",27,92,9,,2.05,55.4,30,60,30,30,24,2,68.5,3,7,0.5,0,1.5,0.5,0.5,0,0.5
"Wil Parker",COL,DEF,"Free Agent",23,13,3,,2.05,40.5,29.5,118,29.5,28.3,37,4,77,4.5,5.8,2,0,0.5,0.3,1.3,0,0
"Xavier Taylor",MEL,DEF,"Free Agent",19,2,1,255.6,44.81,52.9,29.5,59,29.5,29.5,23,2,71,3,4.5,1,0,2.5,0,0.5,0,0
"Hudson O'Keeffe",CAR,RUC/FWD,"Free Agent",21,8,4,,11.48,54.3,28.3,85,28.3,28.3,29,3,47.3,2.7,3,1,8,1.3,0.7,1,0,0.3
"Josaia Delana",GWS,FWD,"Free Agent",19,7,2,,1.37,43.5,26,104,26,30.3,22,4,67.5,2.8,3.3,0.3,0,3,0.5,0.8,0,0.3
"Toby McMullin",GWS,MID,"Free Agent",21,31,4,,8.06,58.3,26,78,26,26,35,3,57,4.3,1.7,1.7,0,1.7,0,1,0,1
"Anthony Caminiti",STK,DEF,"Free Agent",22,63,4,,8.74,54.9,25.7,180,23.4,30.7,34,7,72.4,3.4,2.7,1.6,0,1.3,0.7,1.1,0.4,0.3
"Hussien El Achkar",ESS,FWD,"Free Agent",19,2,1,,3.69,48.9,25.5,51,25.5,25.5,18,2,74,3,3.5,0,0,1.5,0.5,0,0.5,0
"Andy Moniz-Wakefield",MEL,DEF,"Free Agent",22,7,5,,8.74,52.6,25,25,25,25,25,1,34,1,4,0,0,2,0,0,1,0
"Cody Curtin",BRL,FWD,"Free Agent",18,3,1,,10.38,49.2,24,72,24,24,29,3,67.7,2,4.3,1.3,0.7,1,0,0.7,0.3,0.7
"Matt Guelfi",ESS,FWD,"Free Agent",28,123,9,,0.82,50.5,23,46,23,23,18,2,69,2,5,0,0,2,0,0.5,0,0.5
"Darcy Moore",COL,DEF,"Free Agent",30,198,12,,5.05,44.5,22.7,68,22.7,22.7,15,3,61.3,3.3,3.3,2.3,0,0.3,0.7,1,0,0
"Harry Armstrong",RIC,FWD,"Free Agent",19,11,2,,3.69,37.4,19.3,58,19.3,19.3,1,3,70.7,2.7,0.7,2.3,0,0.3,0.3,0.3,0.3,0.3
"Caiden Cleary",SYD,FWD,"Free Agent",21,18,3,303.2,23.22,54.7,19,19,19,19,19,1,49,1,3,0,0,4,0,2,0,0
"Ryan Gardner",WBD,DEF,"Free Agent",28,55,11,,0.68,38.8,11,11,11,11,11,1,90,4,1,0,0,0,0,1,0,0
"Jasper Alger",RIC,FWD,"Free Agent",19,5,2,,1.64,38.9,8,8,8,8,8,1,31,1,2,1,0,0,0,1,0,1
"Harry Edwards",WCE,DEF,"Free Agent",25,57,8,,1.64,42.1,4,8,4,4,8,2,13.5,0.5,0,0,0,1,0,0.5,0,0
"Adam Sweid",FRE,MID,"Free Agent",18,0,1,,16.94,55.9,,,,,,,,,,,,,,,,
"Aidan Johnson",MEL,FWD,"Free Agent",26,5,2,,0.96,37.8,,,,,,,,,,,,,,,,
"Aidan Schubert",HAW,RUC/FWD,"Free Agent",18,0,1,,16.53,45.9,,,,,,,,,,,,,,,,
"Aiden Riddle",FRE,RUC,"Free Agent",20,0,2,,1.64,46.3,,,,,,,,,,,,,,,,
"Alex Condon",COL,RUC,"Free Agent",21,0,1,,0.82,45.4,,,,,,,,,,,,,,,,
"Alex Dodson",STK,FWD,"Free Agent",19,1,2,,11.07,37.5,,,,,,,,,,,,,,,,
"Angus Clarke",ESS,DEF/MID,"Free Agent",19,14,2,212.0,50.82,69.4,,,,,,,,,,,,,,,,
"Angus Hastie",STK,DEF,"Free Agent",20,14,3,,8.47,48.3,,,,,,,,,,,,,,,,
"Archie Ludowyke",ADE,FWD,"Free Agent",18,0,1,,1.78,49.6,,,,,,,,,,,,,,,,
"Asher Eastham",GCS,FWD,"Free Agent",20,0,2,,0.55,48.6,,,,,,,,,,,,,,,,
"Avery Thomas",GCS,DEF,"Free Agent",18,0,1,,1.37,52.1,,,,,,,,,,,,,,,,
"Bailey Banfield",FRE,DEF,"Free Agent",28,118,9,,3.14,56.5,,,,,,,,,,,,,,,,
"Bailey Macdonald",HAW,DEF,"Free Agent",21,8,4,,2.32,44.2,,,,,,,,,,,,,,,,
"Bailey Scott",NTH,MID,"Free Agent",25,113,8,,13.52,64.5,,,,,,,,,,,,,,,,
"Balyn O'Brien",PTA,DEF,"Free Agent",19,0,1,,0.41,42.3,,,,,,,,,,,,,,,,
"Beau Addinsall",GCS,MID,"Free Agent",19,0,1,,26.50,55.6,,,,,,,,,,,,,,,,
"Ben Camporeale",CAR,MID,"Free Agent",19,0,2,,20.77,56,,,,,,,,,,,,,,,,
"Ben Murphy",BRL,DEF,"Free Agent",19,0,1,,1.09,52.5,,,,,,,,,,,,,,,,
"Benny Barrett",PTA,MID,"Free Agent",20,0,2,,0.55,55.5,,,,,,,,,,,,,,,,
"Billy Dowling",ADE,MID/FWD,"Free Agent",21,10,4,329.8,25.41,56.4,,,,,,,,,,,,,,,,
"Blake Acres",CAR,MID,"Free Agent",30,187,13,254.7,34.70,76.1,,,,,,,,,,,,,,,,
"Blake Thredgold",NTH,DEF,"Free Agent",18,0,1,,3.42,52.5,,,,,,,,,,,,,,,,
"Bobby Hill",COL,FWD,"Free Agent",26,102,8,,3.42,50.6,,,,,,,,,,,,,,,,
"Braeden Campbell",SYD,FWD,"Free Agent",24,94,6,,19.13,56.2,,,,,,,,,,,,,,,,
"Brandon Starcevich",WCE,DEF,"Free Agent",26,132,9,,5.60,47,,,,,,,,,,,,,,,,
"Brandon Zerk-Thatcher",PTA,DEF,"Free Agent",27,90,9,,1.37,48.5,,,,,,,,,,,,,,,,
"Brayden George",NTH,FWD,"Free Agent",22,0,4,,3.01,49.1,,,,,,,,,,,,,,,,
"Caleb Graham",GCS,DEF,"Free Agent",25,37,8,,1.64,53,,,,,,,,,,,,,,,,
"Caleb Lewis",GCS,FWD,"Free Agent",22,0,2,,0.55,49.5,,,,,,,,,,,,,,,,
"Cameron Nairn",HAW,MID/FWD,"Free Agent",18,0,1,,18.58,52.7,,,,,,,,,,,,,,,,
"Charlie Nicholls",FRE,FWD,"Free Agent",19,0,2,,0.68,48.9,,,,,,,,,,,,,,,,
"Cillian Bourke",ESS,DEF,"Free Agent",19,0,1,,0.27,40.5,,,,,,,,,,,,,,,,
"Cillian Burke",GEE,DEF,"Free Agent",22,0,2,,0.68,52.1,,,,,,,,,,,,,,,,
"Clay Hall",WCE,MID,"Free Agent",21,16,3,326.7,20.08,60,,,,,,,,,,,,,,,,
"Cody Anderson",HAW,MID,"Free Agent",20,0,2,,1.91,55.8,,,,,,,,,,,,,,,,
"Cody Angove",GWS,FWD,"Free Agent",19,4,2,,9.84,45.8,,,,,,,,,,,,,,,,
"Cody Weightman",WBD,FWD,"Free Agent",25,76,7,,11.20,59.3,,,,,,,,,,,,,,,,
"Conor Stone",GWS,DEF,"Free Agent",24,20,6,,5.33,54.3,,,,,,,,,,,,,,,,
"Cooper Bell",GCS,DEF/FWD,"Free Agent",19,0,2,,0.96,43.7,,,,,,,,,,,,,,,,
"Cooper Harvey",NTH,FWD,"Free Agent",21,10,4,,15.44,58.4,,,,,,,,,,,,,,,,
"Cooper Simpson",FRE,DEF,"Free Agent",21,5,3,324.4,17.62,63.1,,,,,,,,,,,,,,,,
"Darcy Jones",GWS,FWD,"Free Agent",22,37,4,,20.36,20,,,,,,,,,,,,,,,,
"Dylan Patterson",GCS,DEF,"Free Agent",18,0,1,203.0,66.26,64.5,,,,,,,,,,,,,,,,
"Eamonn Armstrong",STK,DEF,"Free Agent",19,0,2,,0.55,52.8,,,,,,,,,,,,,,,,
"Elliott Himmelberg",GCS,FWD,"Free Agent",27,50,10,,0.55,49,,,,,,,,,,,,,,,,
"Eric Hipwood",BRL,FWD,"Free Agent",28,199,11,,2.60,56.5,,,,,,,,,,,,,,,,
"Finlay Macrae",WCE,MID/FWD,"Free Agent",24,21,6,301.3,19.26,40.8,,,,,,,,,,,,,,,,
"Finnegan Davis",GWS,DEF,"Free Agent",19,0,1,,3.83,52.5,,,,,,,,,,,,,,,,
"Flynn Young",CAR,FWD,"Free Agent",24,8,2,,1.23,54.6,,,,,,,,,,,,,,,,
"Fred Rodriguez",WCE,FWD,"Free Agent",18,0,1,,8.20,49.2,,,,,,,,,,,,,,,,
"George Stevens",GEE,MID,"Free Agent",21,2,3,,21.31,56,,,,,,,,,,,,,,,,
"Harley Barker",GEE,MID,"Free Agent",19,0,1,,7.65,55.5,,,,,,,,,,,,,,,,
"Harrison Ramm",PTA,DEF,"Free Agent",19,1,2,,0.96,38,,,,,,,,,,,,,,,,
"Harry Barnett",WCE,RUC,"Free Agent",22,2,4,,5.87,35.7,,,,,,,,,,,,,,,,
"Harry Charleson",CAR,DEF/MID,"Free Agent",19,0,2,,2.19,54.7,,,,,,,,,,,,,,,,
"Harry DeMattia",COL,MID,"Free Agent",20,0,3,,11.20,56.6,,,,,,,,,,,,,,,,
"Harry Jones",ESS,MID/FWD,"Free Agent",25,59,7,,6.56,52.5,,,,,,,,,,,,,,,,
"Harry Kyle",SYD,DEF/MID,"Free Agent",18,0,1,294.3,31.56,55.6,,,,,,,,,,,,,,,,
"Harry O'Farrell",CAR,DEF,"Free Agent",20,6,2,,2.73,50.5,,,,,,,,,,,,,,,,
"Harvey Harrison",COL,FWD,"Free Agent",22,16,5,,3.96,40.1,,,,,,,,,,,,,,,,
"Henry Smith",BRL,FWD,"Free Agent",23,6,6,,1.78,49,,,,,,,,,,,,,,,,
"Hugh Davies",FRE,DEF,"Free Agent",21,2,4,,0.96,34.2,,,,,,,,,,,,,,,,
"Hugo Mikunda",NTH,MID/FWD,"Free Agent",19,0,1,,2.87,52.1,,,,,,,,,,,,,,,,
"Hunter Holmes",GEE,MID,"Free Agent",19,0,1,,12.30,55.8,,,,,,,,,,,,,,,,
"Iliro Smit",COL,RUC,"Free Agent",20,0,3,,0.55,45.7,,,,,,,,,,,,,,,,
"Indy Cotton",ADE,FWD,"Free Agent",19,0,1,,1.50,45.8,,,,,,,,,,,,,,,,
"Ivan Soldo",PTA,RUC/FWD,"Free Agent",30,66,12,,3.28,0,,,,,,,,,,,,,,,,
"Jack Henderson",MEL,FWD,"Free Agent",26,5,2,,1.09,45,,,,,,,,,,,,,,,,
"Jack Ough",GWS,MID,"Houston we have a problem",19,0,2,,21.86,56.2,,,,,,,,,,,,,,,,
"Jack Payne",BRL,DEF,"Free Agent",26,81,9,,2.32,54.5,,,,,,,,,,,,,,,,
"Jack Viney",MEL,MID,"Free Agent",32,237,14,208.8,62.02,81.2,,,,,,,,,,,,,,,,
"Jackson Archer",NTH,DEF,"Free Agent",23,26,5,,1.37,0,,,,,,,,,,,,,,,,
"Jacob Molier",GEE,RUC,"Free Agent",19,0,2,,2.05,46,,,,,,,,,,,,,,,,
"Jacob Moss",PTA,DEF,"Free Agent",21,0,2,,0.68,52,,,,,,,,,,,,,,,,
"Jai Murray",GCS,MID,"Free Agent",19,0,1,301.4,40.16,58.3,,,,,,,,,,,,,,,,
"Jai Saxena",COL,FWD,"Free Agent",18,0,1,,0.68,49.2,,,,,,,,,,,,,,,,
"Jaime Uhr-Henry",HAW,RUC,"Free Agent",23,0,2,,0.68,45.1,,,,,,,,,,,,,,,,
"Jake Miles-Wrency",WCE,DEF,"Free Agent",20,0,1,,0.00,35.5,,,,,,,,,,,,,,,,
"Jakob Ryan",COL,DEF,"Free Agent",21,1,4,,2.60,43.2,,,,,,,,,,,,,,,,
"James Barrat",STK,DEF/FWD,"Free Agent",19,0,2,,1.50,42.8,,,,,,,,,,,,,,,,
"James Blanck",HAW,DEF,"Free Agent",25,24,5,,0.41,32.5,,,,,,,,,,,,,,,,
"James Harmes",WBD,MID,"Free Agent",30,174,13,,2.05,0,,,,,,,,,,,,,,,,
"Jaren Carr",FRE,FWD,"Free Agent",22,0,2,,0.68,49.7,,,,,,,,,,,,,,,,
"Jay Polkinghorne",GEE,FWD,"Free Agent",19,0,2,,3.14,48.9,,,,,,,,,,,,,,,,
"Jed Adams",MEL,DEF,"Free Agent",22,1,4,,0.68,27.8,,,,,,,,,,,,,,,,
"Jed Bews",GEE,DEF,"Free Agent",32,175,15,,1.09,58.1,,,,,,,,,,,,,,,,
"Jesse Dattoli",SYD,FWD,"Free Agent",19,3,2,,14.62,48.5,,,,,,,,,,,,,,,,
"Jesse Mellor",GEE,FWD,"Free Agent",19,0,1,,0.55,48.5,,,,,,,,,,,,,,,,
"Jesse Motlop",CAR,FWD,"Free Agent",22,63,5,,1.37,0,,,,,,,,,,,,,,,,
"Jevan Phillipou",SYD,MID,"Free Agent",19,0,1,,20.63,55.9,,,,,,,,,,,,,,,,
"Joe Pike",GEE,RUC,"Free Agent",21,0,2,,2.32,46,,,,,,,,,,,,,,,,
"Joel Cochran",COL,DEF,"Free Agent",20,0,2,,1.09,52.8,,,,,,,,,,,,,,,,
"Josh Draper",FRE,DEF,"Free Agent",22,31,4,,1.09,34.9,,,,,,,,,,,,,,,,
"Josh Goater",NTH,DEF,"Free Agent",22,12,5,,8.47,52.6,,,,,,,,,,,,,,,,
"Josh Kelly",GWS,MID,"Free Agent",31,230,13,278.1,50.55,64.5,,,,,,,,,,,,,,,,
"Josh Sinn",PTA,DEF,"Free Agent",23,30,5,,14.07,55.7,,,,,,,,,,,,,,,,
"Josh Smillie",RIC,MID,"Free Agent",20,0,2,205.1,64.75,56.4,,,,,,,,,,,,,,,,
"Judson Clarke",RIC,FWD,"Free Agent",22,17,5,,0.96,37.4,,,,,,,,,,,,,,,,
"Kalani White",MEL,RUC/FWD,"Free Agent",19,0,1,,5.46,46,,,,,,,,,,,,,,,,
"Kaleb Smith",RIC,DEF,"Free Agent",21,12,4,,5.19,55,,,,,,,,,,,,,,,,
"Kayle Gerreyn",ESS,RUC,"Free Agent",20,0,2,,5.19,45.8,,,,,,,,,,,,,,,,
"Keighton Matofai-Forbes",GEE,DEF/FWD,"Free Agent",20,0,2,,0.41,43.3,,,,,,,,,,,,,,,,
"Kobe McDonald",STK,DEF,"Free Agent",18,0,1,,1.37,52.5,,,,,,,,,,,,,,,,
"Koby Coulson",GCS,MID,"Free Agent",18,0,1,,3.96,55.9,,,,,,,,,,,,,,,,
"Koby Evans",BRL,MID,"Free Agent",18,0,1,,1.50,55.5,,,,,,,,,,,,,,,,
"Kye Fincher",STK,DEF/MID,"Free Agent",18,0,1,,12.57,55.3,,,,,,,,,,,,,,,,
"Lachlan Carmichael",WBD,DEF/MID,"Free Agent",18,0,1,210.3,57.51,58.7,,,,,,,,,,,,,,,,
"Lachlan Sholl",ADE,MID,"Free Agent",26,79,8,,10.93,63,,,,,,,,,,,,,,,,
"Lachy Brewer",NTH,DEF,"Free Agent",21,0,1,,0.00,35.7,,,,,,,,,,,,,,,,
"Lance Collard",STK,FWD,"Free Agent",21,15,3,,1.78,42.3,,,,,,,,,,,,,,,,
"Lennox Hofmann",GEE,DEF,"Free Agent",19,0,2,,3.01,52.2,,,,,,,,,,,,,,,,
"Leon Kickett",FRE,MID/FWD,"Free Agent",19,0,1,,2.46,52.2,,,,,,,,,,,,,,,,
"Lewis Hayes",ESS,DEF,"Free Agent",21,1,4,,3.83,52,,,,,,,,,,,,,,,,
"Liam Hetherton",SYD,FWD,"Free Agent",19,0,1,,0.27,48.5,,,,,,,,,,,,,,,,
"Liam McMahon",ESS,FWD,"Free Agent",24,7,2,,1.09,39.5,,,,,,,,,,,,,,,,
"Logan Smith",GWS,RUC,"Free Agent",19,0,2,,2.73,45.1,,,,,,,,,,,,,,,,
"Lucas Camporeale",CAR,MID,"Free Agent",19,3,2,,15.98,59.4,,,,,,,,,,,,,,,,
"Lucca Grego",WCE,DEF,"Free Agent",19,1,2,,8.61,60.7,,,,,,,,,,,,,,,,
"Luke Beecken",BRL,MID,"Free Agent",25,1,3,,1.23,57,,,,,,,,,,,,,,,,
"Luke Cleary",WBD,DEF,"Free Agent",24,23,5,,1.91,53.5,,,,,,,,,,,,,,,,
"Luke Kennedy",WBD,MID,"Free Agent",19,0,2,,3.55,56.6,,,,,,,,,,,,,,,,
"Luke Lloyd",BRL,FWD,"Free Agent",20,0,3,,0.27,48.7,,,,,,,,,,,,,,,,
"Luke Urquhart",NTH,MID,"Free Agent",19,0,2,,7.79,56.1,,,,,,,,,,,,,,,,
"Luker Kentfield",MEL,FWD,"Free Agent",20,0,3,,0.41,49.9,,,,,,,,,,,,,,,,
"Mani Liddy",PTA,MID,"Free Agent",24,9,2,,5.74,61,,,,,,,,,,,,,,,,
"Mark Keane",ADE,DEF,"Free Agent",26,56,8,,9.70,58.3,,,,,,,,,,,,,,,,
"Matt Duffy",CAR,DEF,"Free Agent",21,0,2,,0.68,51.8,,,,,,,,,,,,,,,,
"Matt Hill",HAW,DEF,"Free Agent",22,0,2,,0.41,53,,,,,,,,,,,,,,,,
"Matt Whitlock",NTH,DEF/FWD,"Free Agent",20,2,2,,5.19,38.3,,,,,,,,,,,,,,,,
"Matthew LeRay",HAW,MID,"Free Agent",19,0,1,,3.01,55.4,,,,,,,,,,,,,,,,
"Max King",STK,FWD,"Free Agent",25,83,8,,11.34,54.5,,,,,,,,,,,,,,,,
"Max King",SYD,FWD,"Free Agent",19,0,1,,1.91,49.4,,,,,,,,,,,,,,,,
"Max Knobel",GCS,RUC,"Free Agent",21,0,4,,1.91,46,,,,,,,,,,,,,,,,
"Mitch Marsh",ADE,FWD,"Free Agent",19,0,1,,7.10,49.5,,,,,,,,,,,,,,,,
"Nathan Wardius",GWS,FWD,"Free Agent",21,0,3,,0.27,48.8,,,,,,,,,,,,,,,,
"Ned Bowman",SYD,FWD,"Free Agent",19,0,2,,4.10,48.8,,,,,,,,,,,,,,,,
"Nic Martin",ESS,MID/FWD,"Prince McAndrew",25,83,5,106.2,87.70,0,,,,,,,,,,,,,,,,
"Nicholas Driscoll",GEE,MID,"Free Agent",19,0,1,,2.19,55.9,,,,,,,,,,,,,,,,
"Noah Chamberlain",SYD,FWD,"Free Agent",19,0,1,,0.68,49.2,,,,,,,,,,,,,,,,
"Noah Howes",COL,FWD,"Free Agent",20,0,2,,0.55,49.5,,,,,,,,,,,,,,,,
"Noah Long",WCE,FWD,"Free Agent",21,36,4,,1.37,0,,,,,,,,,,,,,,,,
"Noah Mraz",HAW,DEF,"Free Agent",20,0,2,,2.60,52.6,,,,,,,,,,,,,,,,
"Oliver Greeves",HAW,MID,"Free Agent",19,0,1,273.4,34.70,61.6,,,,,,,,,,,,,,,,
"Ollie Murphy",FRE,DEF,"Free Agent",20,0,3,,0.68,51.8,,,,,,,,,,,,,,,,
"Oscar Berry",MEL,DEF,"Free Agent",24,0,1,,0.41,52.5,,,,,,,,,,,,,,,,
"Oscar Ryan",ADE,DEF,"Free Agent",21,0,3,,2.60,52.3,,,,,,,,,,,,,,,,
"Oskar Taylor",GWS,DEF,"Free Agent",18,0,1,,21.31,52.5,,,,,,,,,,,,,,,,
"Paddy Dow",STK,MID,"Free Agent",26,83,9,,4.92,59.9,,,,,,,,,,,,,,,,
"Patrick Said",STK,MID/FWD,"Free Agent",20,0,2,,0.82,51.4,,,,,,,,,,,,,,,,
"Patrick Snell",SYD,DEF/FWD,"Free Agent",20,0,3,,0.27,43.8,,,,,,,,,,,,,,,,
"Peter Ladhams",SYD,RUC/FWD,"Free Agent",28,63,10,,25.41,60.6,,,,,,,,,,,,,,,,
"Reece Torrent",BRL,MID,"Free Agent",20,0,3,,1.64,56.6,,,,,,,,,,,,,,,,
"Reef McInnes",COL,DEF,"Free Agent",23,23,6,,3.14,44.1,,,,,,,,,,,,,,,,
"Rhys Unwin",ESS,FWD,"Free Agent",19,3,2,,0.68,35.5,,,,,,,,,,,,,,,,
"Riak Andrew",SYD,DEF,"Free Agent",21,0,2,,0.41,52.1,,,,,,,,,,,,,,,,
"Ricky Mentha",MEL,DEF/FWD,"Free Agent",19,0,2,,0.41,44,,,,,,,,,,,,,,,,
"Riley Garcia",WBD,MID/FWD,"Free Agent",25,38,7,,18.17,63.7,,,,,,,,,,,,,,,,
"Riley Hamilton",GWS,MID/FWD,"Free Agent",19,0,1,,0.82,51.3,,,,,,,,,,,,,,,,
"Riley Hardeman",NTH,DEF,"Free Agent",21,20,3,267.5,36.34,57.2,,,,,,,,,,,,,,,,
"Riley Onley",MEL,MID,"Free Agent",19,0,1,,6.28,55.9,,,,,,,,,,,,,,,,
"River Stevens",NTH,MID/FWD,"Free Agent",19,0,2,,0.82,52.1,,,,,,,,,,,,,,,,
"Rob Monahan",CAR,FWD,"Free Agent",21,0,3,,0.14,48.9,,,,,,,,,,,,,,,,
"Robert Hansen Jnr",NTH,MID/FWD,"Free Agent",22,20,4,,2.32,50.4,,,,,,,,,,,,,,,,
"Ryda Luke",FRE,FWD,"Free Agent",18,0,1,,0.27,49.2,,,,,,,,,,,,,,,,
"Sam Allen",WCE,MID/FWD,"Free Agent",19,0,1,,9.15,52.1,,,,,,,,,,,,,,,,
"Sam Powell-Pepper",PTA,FWD,"Free Agent",28,158,10,,6.01,61.8,,,,,,,,,,,,,,,,
"Sam Sturt",FRE,FWD,"Free Agent",26,31,8,,0.55,45.8,,,,,,,,,,,,,,,,
"Sam Swadling",COL,MID,"Free Agent",19,0,1,,31.28,55.6,,,,,,,,,,,,,,,,
"Sam Taylor",GWS,DEF,"Free Agent",27,131,9,255.9,21.31,60.3,,,,,,,,,,,,,,,,
"Shadeau Brain",BRL,DEF,"Free Agent",22,9,4,,0.55,38,,,,,,,,,,,,,,,,
"Shane McAdam",MEL,FWD,"Free Agent",30,53,8,,0.41,55,,,,,,,,,,,,,,,,
"Sid Draper",ADE,MID/FWD,"Free Agent",19,10,2,170.6,72.13,58,,,,,,,,,,,,,,,,
"Steven May",MEL,DEF,"Free Agent",34,251,16,296.6,5.60,0,,,,,,,,,,,,,,,,
"Tai Hayes",BRL,MID/FWD,"Free Agent",21,0,1,,1.78,52,,,,,,,,,,,,,,,,
"Taj Hotton",RIC,FWD,"Houston we have a problem",19,7,2,189.8,65.85,53,,,,,,,,,,,,,,,,
"Taylor Adams",SYD,FWD,"Free Agent",32,229,15,,3.83,58.2,,,,,,,,,,,,,,,,
"Taylor Goad",NTH,RUC,"Free Agent",21,0,3,,16.80,45.7,,,,,,,,,,,,,,,,
"Tew Jiath",COL,DEF,"Free Agent",21,1,3,,1.64,43.5,,,,,,,,,,,,,,,,
"Thomas Matthews",MEL,FWD,"Free Agent",19,0,1,,0.96,49.8,,,,,,,,,,,,,,,,
"Tobie Travaglia",STK,DEF/MID,"Free Agent",19,11,2,210.9,53.83,62.4,,,,,,,,,,,,,,,,
"Toby Conway",GEE,RUC,"Free Agent",23,6,5,286.0,27.87,54,,,,,,,,,,,,,,,,
"Toby Whan",FRE,MID,"Free Agent",19,0,1,,3.83,55.3,,,,,,,,,,,,,,,,
"Tobyn Murray",FRE,FWD,"Free Agent",21,0,1,,3.01,49.9,,,,,,,,,,,,,,,,
"Tom Campbell",MEL,RUC,"Free Agent",34,58,15,,1.78,39.9,,,,,,,,,,,,,,,,
"Tom Cochrane",PTA,FWD,"Free Agent",20,3,2,,2.05,52.4,,,,,,,,,,,,,,,,
"Tom Doedee",BRL,DEF,"Free Agent",29,83,11,,3.42,47,,,,,,,,,,,,,,,,
"Tom Green",GWS,MID,"Houston we have a problem",25,115,7,70.2,89.62,0,,,,,,,,,,,,,,,,
"Tom Gross",WCE,MID/FWD,"Free Agent",19,8,2,319.5,21.72,58.4,,,,,,,,,,,,,,,,
"Tom Hanily",SYD,FWD,"Free Agent",20,8,3,,1.91,48,,,,,,,,,,,,,,,,
"Tom Sims",RIC,FWD,"Free Agent",20,11,2,,4.64,41.8,,,,,,,,,,,,,,,,
"Tyan Prindable",COL,MID,"Free Agent",19,0,1,,16.94,56,,,,,,,,,,,,,,,,
"Tylah Williams",WCE,MID/FWD,"Free Agent",19,0,1,,1.91,52,,,,,,,,,,,,,,,,
"Tyler Brockman",WCE,FWD,"Free Agent",23,56,6,,2.19,53.6,,,,,,,,,,,,,,,,
"Tyler Welsh",ADE,FWD,"Free Agent",19,0,2,,0.55,49.7,,,,,,,,,,,,,,,,
"Tyrell Dewar",WCE,DEF/MID,"Free Agent",22,23,4,,7.92,55.4,,,,,,,,,,,,,,,,
"Tyson Stengle",GEE,FWD,"Free Agent",27,109,10,,9.84,62.9,,,,,,,,,,,,,,,,
"Vigo Visentini",ESS,RUC,"Free Agent",20,2,3,262.5,24.86,66.5,,,,,,,,,,,,,,,,
"Will Darcy",WBD,DEF/FWD,"Free Agent",19,0,1,,8.74,43.4,,,,,,,,,,,,,,,,
"Will Day",HAW,MID,"Jags to riches",24,76,7,124.2,93.44,77.3,,,,,,,,,,,,,,,,
"Will McLachlan",BRL,FWD,"Free Agent",21,6,3,,0.96,37.1,,,,,,,,,,,,,,,,
"William Green",SYD,RUC,"Free Agent",20,0,3,,8.33,46,,,,,,,,,,,,,,,,
"Xavier Walsh",PTA,FWD,"Free Agent",20,0,3,,0.82,49.9,,,,,,,,,,,,,,,,
"Zac Fisher",NTH,FWD,"Free Agent",27,132,10,,9.56,64.2,,,,,,,,,,,,,,,,
"Zac McCarthy",COL,RUC/FWD,"Free Agent",18,0,1,,2.32,46.1,,,,,,,,,,,,,,,,
"Zac Walker",WBD,DEF,"Free Agent",20,0,2,,0.68,52.8,,,,,,,,,,,,,,,,
"Zak Evans",GCS,MID,"Free Agent",26,0,2,,0.55,56,,,,,,,,,,,,,,,,
"Zane Peucker",RIC,MID/FWD,"Free Agent",18,0,1,,7.65,52.7,,,,,,,,,,,,,,,,
